record_id,source_id,smiles,inchi,inchikey,status,errors,generation_method,is_novel
1174f183,brics_0,CCC1CC2(CCN(C(=O)C3CC4(CCN(C5CC5)CC4)C3)CC2)C1,,,raw,,brics,True
56b3caf3,brics_1,CCC1CC2(CCN(C(=O)C3CC4(CCN([C@H]5CC[C@](C)(O)CC5)CC4)C3)CC2)C1,,,raw,,brics,True
8e4a3767,brics_2,CCC1CC2(CCN(C(=O)C3CC4(CCN(C5CCOCC5)CC4)C3)CC2)C1,,,raw,,brics,True
858fd3c9,brics_3,CCC1CC2(CCN(C(=O)C3CC4(CCN([C@@H]5COCCO5)CC4)C3)CC2)C1,,,raw,,brics,True
9cfe3ab5,brics_4,CCC1CC2(CCN(C(=O)C3CC4(CCN(c5cnc6[nH]ccc6c5)CC4)C3)CC2)C1,,,raw,,brics,True
47c81278,brics_5,CCC1CC2(CCN(C(=O)C3CC4(CCN(c5ccccc5C5=CCN(C)CC5)CC4)C3)CC2)C1,,,raw,,brics,True
2a4e9909,brics_6,CN1CC=C(c2ccccc2N2CCC3(CC2)CC(C(=O)N2CCC4(CC2)CC(N(C)C)C4)C3)CC1,,,raw,,brics,True
1fea1e1e,brics_7,CN1CC=C(c2ccccc2N2CCC3(CC2)CC(C(=O)N2CCC4(CC2)CC(c2cnc5[nH]ccc5c2)C4)C3)CC1,,,raw,,brics,True
0e8d02ad,brics_8,CN1CC=C(c2ccccc2C2CC3(CCN(C(=O)C4CC5(CCN(c6ccccc6C6=CCN(C)CC6)CC5)C4)CC3)C2)CC1,,,raw,,brics,True
17062ea0,brics_9,CC(C)C1CC2(CCN(C(=O)C3CC4(CCN(c5ccccc5C5=CCN(C)CC5)CC4)C3)CC2)C1,,,raw,,brics,True
e1af9d5d,brics_10,CN1CC=C(c2ccccc2N2CCC3(CC2)CC(C(=O)N2CCC4(CC2)CC(C(F)(F)F)C4)C3)CC1,,,raw,,brics,True
a0b82905,brics_11,CN1CC=C(c2ccccc2N2CCC3(CC2)CC(C(=O)N2CCC4(CC2)CC([C@@H]2COCCO2)C4)C3)CC1,,,raw,,brics,True
f6d8783a,brics_12,CN(C)C1CC2(CCN(C(=O)C3CC4(CCN(C5CC5)CC4)C3)CC2)C1,,,raw,,brics,True
9a07ed60,brics_13,O=C(C1CC2(CCN(C3CC3)CC2)C1)N1CCC2(CC1)CC(c1cnc3[nH]ccc3c1)C2,,,raw,,brics,True
ba600cbd,brics_14,CN1CC=C(c2ccccc2C2CC3(CCN(C(=O)C4CC5(CCN(C6CC6)CC5)C4)CC3)C2)CC1,,,raw,,brics,True
86fc4924,brics_15,CC(C)C1CC2(CCN(C(=O)C3CC4(CCN(C5CC5)CC4)C3)CC2)C1,,,raw,,brics,True
c7b03d41,brics_16,O=C(C1CC2(CCN(C3CC3)CC2)C1)N1CCC2(CC1)CC(C(F)(F)F)C2,,,raw,,brics,True
c037c494,brics_17,O=C(C1CC2(CCN(C3CC3)CC2)C1)N1CCC2(CC1)CC([C@@H]1COCCO1)C2,,,raw,,brics,True
6a3e6813,brics_18,CN(C)C1CC2(CCN(C(=O)C3CC4(CCN([C@@H]5COCCO5)CC4)C3)CC2)C1,,,raw,,brics,True
5c73202c,brics_19,O=C(C1CC2(CCN([C@@H]3COCCO3)CC2)C1)N1CCC2(CC1)CC(c1cnc3[nH]ccc3c1)C2,,,raw,,brics,True
aae0b71f,brics_20,CN1CC=C(c2ccccc2C2CC3(CCN(C(=O)C4CC5(CCN([C@@H]6COCCO6)CC5)C4)CC3)C2)CC1,,,raw,,brics,True
ab122ad5,brics_21,CC(C)C1CC2(CCN(C(=O)C3CC4(CCN([C@@H]5COCCO5)CC4)C3)CC2)C1,,,raw,,brics,True
59f4ba64,brics_22,O=C(C1CC2(CCN([C@@H]3COCCO3)CC2)C1)N1CCC2(CC1)CC(C(F)(F)F)C2,,,raw,,brics,True
20c1dbb3,brics_23,O=C(C1CC2(CCN([C@@H]3COCCO3)CC2)C1)N1CCC2(CC1)CC([C@@H]1COCCO1)C2,,,raw,,brics,True
1671c2cb,brics_24,CN(C)C1CC2(CCN(C(=O)C3CC4(CCN([C@H]5CC[C@](C)(O)CC5)CC4)C3)CC2)C1,,,raw,,brics,True
2de25b7a,brics_25,C[C@]1(O)CC[C@H](N2CCC3(CC2)CC(C(=O)N2CCC4(CC2)CC(c2cnc5[nH]ccc5c2)C4)C3)CC1,,,raw,,brics,True
de6dd78b,brics_26,CN1CC=C(c2ccccc2C2CC3(CCN(C(=O)C4CC5(CCN([C@H]6CC[C@](C)(O)CC6)CC5)C4)CC3)C2)CC1,,,raw,,brics,True
63c5b5b8,brics_27,CC(C)C1CC2(CCN(C(=O)C3CC4(CCN([C@H]5CC[C@](C)(O)CC5)CC4)C3)CC2)C1,,,raw,,brics,True
84a20eb1,brics_28,C[C@]1(O)CC[C@H](N2CCC3(CC2)CC(C(=O)N2CCC4(CC2)CC(C(F)(F)F)C4)C3)CC1,,,raw,,brics,True
f83eba9c,brics_29,C[C@]1(O)CC[C@H](N2CCC3(CC2)CC(C(=O)N2CCC4(CC2)CC([C@@H]2COCCO2)C4)C3)CC1,,,raw,,brics,True
a0dddfa0,brics_30,O=C(C1CC2(CCN(C3CCOCC3)CC2)C1)N1CCC2(CC1)CC(C(F)(F)F)C2,,,raw,,brics,True
520961c8,brics_31,O=C(C1CC2(CCN(c3cnc4[nH]ccc4c3)CC2)C1)N1CCC2(CC1)CC(C(F)(F)F)C2,,,raw,,brics,True
486c5477,brics_32,CN(C)C1CC2(CCN(C(=O)C3CC4(CCN(C5CCOCC5)CC4)C3)CC2)C1,,,raw,,brics,True
efc03caa,brics_33,O=C(C1CC2(CCN(C3CCOCC3)CC2)C1)N1CCC2(CC1)CC(c1cnc3[nH]ccc3c1)C2,,,raw,,brics,True
4d92e27c,brics_34,CN1CC=C(c2ccccc2C2CC3(CCN(C(=O)C4CC5(CCN(C6CCOCC6)CC5)C4)CC3)C2)CC1,,,raw,,brics,True
dd9d0a16,brics_35,CC(C)C1CC2(CCN(C(=O)C3CC4(CCN(C5CCOCC5)CC4)C3)CC2)C1,,,raw,,brics,True
0c92d30e,brics_36,O=C(C1CC2(CCN(C3CCOCC3)CC2)C1)N1CCC2(CC1)CC([C@@H]1COCCO1)C2,,,raw,,brics,True
0a999d51,brics_37,CC(C)C1CC2(CCN(C(=O)C3CC4(CCN(c5cnc6[nH]ccc6c5)CC4)C3)CC2)C1,,,raw,,brics,True
0665a15c,brics_38,O=C(C1CC2(CCN(c3cnc4[nH]ccc4c3)CC2)C1)N1CCC2(CC1)CC([C@@H]1COCCO1)C2,,,raw,,brics,True
7d0c2981,brics_39,CN1CC=C(c2ccccc2C2CC3(CCN(C(=O)C4CC5(CCN(c6cnc7[nH]ccc7c6)CC5)C4)CC3)C2)CC1,,,raw,,brics,True
d9604b2d,brics_40,CN(C)C1CC2(CCN(C(=O)C3CC4(CCN(c5cnc6[nH]ccc6c5)CC4)C3)CC2)C1,,,raw,,brics,True
2839348f,brics_41,O=C(C1CC2(CCN(c3cnc4[nH]ccc4c3)CC2)C1)N1CCC2(CC1)CC(c1cnc3[nH]ccc3c1)C2,,,raw,,brics,True
0a1ce01f,brics_42,CC(C)C1CCN(C(=O)C2CC3(CCN(c4ccccc4C4=CCN(C)CC4)CC3)C2)CC1,,,raw,,brics,True
baf27dbe,brics_43,CN1CC=C(c2ccccc2N2CCC3(CC2)CC(C(=O)N2CCC(C(F)(F)F)CC2)C3)CC1,,,raw,,brics,True
b9318793,brics_44,CCC1CCN(C(=O)C2CC3(CCN(c4ccccc4C4=CCN(C)CC4)CC3)C2)CC1,,,raw,,brics,True
53fa6474,brics_45,CN1CC=C(c2ccccc2N2CCC3(CC2)CC(C(=O)N2CCC([C@@H]4COCCO4)CC2)C3)CC1,,,raw,,brics,True
ebd36723,brics_46,CN1CC=C(c2ccccc2N2CCC3(CC2)CC(C(=O)N2CCC(N(C)C)CC2)C3)CC1,,,raw,,brics,True
c51ba7b9,brics_47,CN1CC=C(c2ccccc2N2CCC3(CC2)CC(C(=O)N2CCC(c4cnc5[nH]ccc5c4)CC2)C3)CC1,,,raw,,brics,True
55bbcaa3,brics_48,CN1CC=C(c2ccccc2C2CCN(C(=O)C3CC4(CCN(c5ccccc5C5=CCN(C)CC5)CC4)C3)CC2)CC1,,,raw,,brics,True
1dd353e6,brics_49,CC(C)C1CCN(C(=O)C2CC3(CCN(c4cnc5[nH]ccc5c4)CC3)C2)CC1,,,raw,,brics,True
ac44347a,brics_50,CC(C)C1CCN(C(=O)C2CC3(CCN([C@@H]4COCCO4)CC3)C2)CC1,,,raw,,brics,True
47a2e7e9,brics_51,CC(C)C1CCN(C(=O)C2CC3(CCN(C4CC4)CC3)C2)CC1,,,raw,,brics,True
3d97b9be,brics_52,CC(C)C1CCN(C(=O)C2CC3(CCN([C@H]4CC[C@](C)(O)CC4)CC3)C2)CC1,,,raw,,brics,True
5ee43314,brics_53,CC(C)C1CCN(C(=O)C2CC3(CCN(C4CCOCC4)CC3)C2)CC1,,,raw,,brics,True
4cc50f32,brics_54,CCC1CCN(C(=O)C2CC3(CCN(c4cnc5[nH]ccc5c4)CC3)C2)CC1,,,raw,,brics,True
8895b6a6,brics_55,CCC1CCN(C(=O)C2CC3(CCN([C@@H]4COCCO4)CC3)C2)CC1,,,raw,,brics,True
40b925e3,brics_56,CCC1CCN(C(=O)C2CC3(CCN(C4CC4)CC3)C2)CC1,,,raw,,brics,True
6e5eb251,brics_57,CCC1CCN(C(=O)C2CC3(CCN([C@H]4CC[C@](C)(O)CC4)CC3)C2)CC1,,,raw,,brics,True
bc1e6847,brics_58,CCC1CCN(C(=O)C2CC3(CCN(C4CCOCC4)CC3)C2)CC1,,,raw,,brics,True
65d3a360,brics_59,CN(C)C1CCN(C(=O)C2CC3(CCN(c4cnc5[nH]ccc5c4)CC3)C2)CC1,,,raw,,brics,True
67823c3a,brics_60,CN(C)C1CCN(C(=O)C2CC3(CCN([C@@H]4COCCO4)CC3)C2)CC1,,,raw,,brics,True
409cd22b,brics_61,CN(C)C1CCN(C(=O)C2CC3(CCN(C4CC4)CC3)C2)CC1,,,raw,,brics,True
95a1542d,brics_62,CN(C)C1CCN(C(=O)C2CC3(CCN([C@H]4CC[C@](C)(O)CC4)CC3)C2)CC1,,,raw,,brics,True
298a6861,brics_63,CN(C)C1CCN(C(=O)C2CC3(CCN(C4CCOCC4)CC3)C2)CC1,,,raw,,brics,True
5d1902e9,brics_64,O=C(C1CC2(CCN([C@@H]3COCCO3)CC2)C1)N1CCC(C(F)(F)F)CC1,,,raw,,brics,True
072fa0a5,brics_65,O=C(C1CC2(CCN([C@@H]3COCCO3)CC2)C1)N1CCC([C@@H]2COCCO2)CC1,,,raw,,brics,True
4880c4d4,brics_66,O=C(C1CC2(CCN([C@@H]3COCCO3)CC2)C1)N1CCC(c2cnc3[nH]ccc3c2)CC1,,,raw,,brics,True
8b66cc4d,brics_67,CN1CC=C(c2ccccc2C2CCN(C(=O)C3CC4(CCN([C@@H]5COCCO5)CC4)C3)CC2)CC1,,,raw,,brics,True
553dedaa,brics_68,O=C(C1CC2(CCN(C3CC3)CC2)C1)N1CCC(C(F)(F)F)CC1,,,raw,,brics,True
685b1b9a,brics_69,O=C(C1CC2(CCN(C3CC3)CC2)C1)N1CCC([C@@H]2COCCO2)CC1,,,raw,,brics,True
718736de,brics_70,O=C(C1CC2(CCN(C3CC3)CC2)C1)N1CCC(c2cnc3[nH]ccc3c2)CC1,,,raw,,brics,True
8c6153a9,brics_71,CN1CC=C(c2ccccc2C2CCN(C(=O)C3CC4(CCN(C5CC5)CC4)C3)CC2)CC1,,,raw,,brics,True
f43cfe4d,brics_72,O=C(C1CC2(CCN(c3cnc4[nH]ccc4c3)CC2)C1)N1CCC([C@@H]2COCCO2)CC1,,,raw,,brics,True
48c1d6ca,brics_73,C[C@]1(O)CC[C@H](N2CCC3(CC2)CC(C(=O)N2CCC([C@@H]4COCCO4)CC2)C3)CC1,,,raw,,brics,True
a8a17112,brics_74,O=C(C1CC2(CCN(C3CCOCC3)CC2)C1)N1CCC([C@@H]2COCCO2)CC1,,,raw,,brics,True
9a9d36a2,brics_75,O=C(C1CC2(CCN(c3cnc4[nH]ccc4c3)CC2)C1)N1CCC(C(F)(F)F)CC1,,,raw,,brics,True
ce46d56a,brics_76,O=C(C1CC2(CCN(c3cnc4[nH]ccc4c3)CC2)C1)N1CCC(c2cnc3[nH]ccc3c2)CC1,,,raw,,brics,True
209af077,brics_77,CN1CC=C(c2ccccc2C2CCN(C(=O)C3CC4(CCN(c5cnc6[nH]ccc6c5)CC4)C3)CC2)CC1,,,raw,,brics,True
7ab9f994,brics_78,O=C(C1CC2(CCN(C3CCOCC3)CC2)C1)N1CCC(C(F)(F)F)CC1,,,raw,,brics,True
361d6ed4,brics_79,O=C(C1CC2(CCN(C3CCOCC3)CC2)C1)N1CCC(c2cnc3[nH]ccc3c2)CC1,,,raw,,brics,True
0874c876,brics_80,CN1CC=C(c2ccccc2C2CCN(C(=O)C3CC4(CCN(C5CCOCC5)CC4)C3)CC2)CC1,,,raw,,brics,True
c8203af6,brics_81,C[C@]1(O)CC[C@H](N2CCC3(CC2)CC(C(=O)N2CCC(C(F)(F)F)CC2)C3)CC1,,,raw,,brics,True
ac427f3e,brics_82,C[C@]1(O)CC[C@H](N2CCC3(CC2)CC(C(=O)N2CCC(c4cnc5[nH]ccc5c4)CC2)C3)CC1,,,raw,,brics,True
7ba7c3a2,brics_83,CN1CC=C(c2ccccc2C2CCN(C(=O)C3CC4(CCN([C@H]5CC[C@](C)(O)CC5)CC4)C3)CC2)CC1,,,raw,,brics,True
f63ca1fa,brics_84,CN(C)C(=O)C1CC2(CCN(C[C@H]3CC[C@](C)(O)CC3)CC2)C1,,,raw,,brics,True
7ed5ce65,brics_85,CN(C)C(=O)C1CC2(CCN(CC3CCOCC3)CC2)C1,,,raw,,brics,True
40095fc5,brics_86,CN(C)C(=O)C1CC2(CCN(Cc3cnc4[nH]ccc4c3)CC2)C1,,,raw,,brics,True
591e7d95,brics_87,CN1CC=C(c2ccccc2CN2CCC3(CC2)CC(C(=O)N(C)C)C3)CC1,,,raw,,brics,True
45b22001,brics_88,CN(C)C(=O)C1CC2(CCN(C[C@@H]3COCCO3)CC2)C1,,,raw,,brics,True
49ae9a88,brics_89,CN(C)C(=O)C1CC2(CCN(CC3CC3)CC2)C1,,,raw,,brics,True
214aecbf,brics_90,CN(C)C(=O)C1CC2(CCN(C(=O)C3CCOCC3)CC2)C1,,,raw,,brics,True
7bdd780f,brics_91,CN(C)C(=O)C1CC2(CCN(C(=O)C3CC3)CC2)C1,,,raw,,brics,True
83c3ef81,brics_92,CN(C)C(=O)C1CC2(CCN(C(=O)[C@H]3CC[C@](C)(O)CC3)CC2)C1,,,raw,,brics,True
7203086c,brics_93,CN1CC=C(c2ccccc2C(=O)N2CCC3(CC2)CC(C(=O)N(C)C)C3)CC1,,,raw,,brics,True
6e90ef44,brics_94,CN(C)C(=O)C1CC2(CCN(C(=O)[C@@H]3COCCO3)CC2)C1,,,raw,,brics,True
a5a2a852,brics_95,CN(C)C(=O)C1CC2(CCN(C(=O)c3cnc4[nH]ccc4c3)CC2)C1,,,raw,,brics,True
bf617e87,brics_96,CN(C)CC(=O)N1CCC2(CC1)CC(C(=O)N(C)C)C2,,,raw,,brics,True
b450a0e4,brics_97,CN(C)C(=O)C1CC2(CCN(c3ccc(C4CCOCC4)cc3)CC2)C1,,,raw,,brics,True
bd008fdb,brics_98,CN(C)C(=O)C1CC2(CCN(c3ccc(-c4cnc5[nH]ccc5c4)cc3)CC2)C1,,,raw,,brics,True
f282da7c,brics_99,CN1CC=C(c2ccccc2-c2ccc(N3CCC4(CC3)CC(C(=O)N(C)C)C4)cc2)CC1,,,raw,,brics,True
85d0e2a4,brics_100,CC(C)c1ccc(N2CCC3(CC2)CC(C(=O)N(C)C)C3)cc1,,,raw,,brics,True
f31569af,brics_101,CN(C)C(=O)C1CC2(CCN(c3ccc(C(F)(F)F)cc3)CC2)C1,,,raw,,brics,True
72e09e6b,brics_102,CCc1ccc(N2CCC3(CC2)CC(C(=O)N(C)C)C3)cc1,,,raw,,brics,True
77006383,brics_103,CN(C)C(=O)C1CC2(CCN(c3ccc([C@@H]4COCCO4)cc3)CC2)C1,,,raw,,brics,True
c1e4c84d,brics_104,CN(C)C(=O)C1CC2(CCN(c3ccc(N(C)C)cc3)CC2)C1,,,raw,,brics,True
288d9c94,brics_105,CN(C)C(=O)C1CC2(CCN(c3ccc(C4CC4)cc3)CC2)C1,,,raw,,brics,True
0be2e15a,brics_106,CN(C)C(=O)C1CC2(CCN(c3ccc([C@H]4CC[C@](C)(O)CC4)cc3)CC2)C1,,,raw,,brics,True
6d371668,brics_107,CN(C)C(=O)C1CC2(CCN([C@H]3CCCN3[C@@H]3COCCO3)CC2)C1,,,raw,,brics,True
14e8b8d1,brics_108,CN(C)C(=O)C1CC2(CCN([C@H]3CCCN3c3cnc4[nH]ccc4c3)CC2)C1,,,raw,,brics,True
1510d295,brics_109,CN(C)C(=O)C1CC2(CCN([C@H]3CCCN3C3CC3)CC2)C1,,,raw,,brics,True
582ef6fb,brics_110,CN1CC=C(c2ccccc2N2CCC[C@@H]2N2CCC3(CC2)CC(C(=O)N(C)C)C3)CC1,,,raw,,brics,True
eea39034,brics_111,CN(C)C(=O)C1CC2(CCN([C@H]3CCCN3C3CCOCC3)CC2)C1,,,raw,,brics,True
a74b81ce,brics_112,CN(C)C(=O)C1CC2(CCN([C@H]3CCCN3[C@H]3CC[C@](C)(O)CC3)CC2)C1,,,raw,,brics,True
9ccd440c,brics_113,CN1CC=C(c2ccccc2[C@]2(O)CC[C@H](N3CCC4(CC3)CC(C(=O)N(C)C)C4)CC2)CC1,,,raw,,brics,True
33cfe311,brics_114,CN(C)C(=O)C1CC2(CCN([C@H]3CC[C@@](O)(N(C)C)CC3)CC2)C1,,,raw,,brics,True
d3a96905,brics_115,CC(C)[C@]1(O)CC[C@H](N2CCC3(CC2)CC(C(=O)N(C)C)C3)CC1,,,raw,,brics,True
bd1d5b17,brics_116,CN(C)C(=O)C1CC2(CCN([C@H]3CC[C@@](O)([C@@H]4COCCO4)CC3)CC2)C1,,,raw,,brics,True
ff768bfb,brics_117,CN(C)C(=O)C1CC2(CCN([C@H]3CC[C@@](O)(c4cnc5[nH]ccc5c4)CC3)CC2)C1,,,raw,,brics,True
90f98e51,brics_118,CN(C)C(=O)C1CC2(CCN([C@H]3CC[C@@](O)(C(F)(F)F)CC3)CC2)C1,,,raw,,brics,True
15c35f1c,brics_119,CC[C@]1(O)CC[C@H](N2CCC3(CC2)CC(C(=O)N(C)C)C3)CC1,,,raw,,brics,True
cc29ea11,brics_120,CN1CCN(C(=O)C2CC3(CCN(c4cnc5[nH]ccc5c4)CC3)C2)[C@H](C(F)(F)F)C1,,,raw,,brics,True
f3d06e56,brics_121,CN1CC=C(c2ccccc2N2CCC3(CC2)CC(C(=O)N2CCN(C)C[C@H]2C(F)(F)F)C3)CC1,,,raw,,brics,True
28a401aa,brics_122,CN1CCN(C(=O)C2CC3(CCN(C4CC4)CC3)C2)[C@H](C(F)(F)F)C1,,,raw,,brics,True
faa3fe16,brics_123,CN1CCN(C(=O)C2CC3(CCN([C@H]4CC[C@](C)(O)CC4)CC3)C2)[C@H](C(F)(F)F)C1,,,raw,,brics,True
12fce36c,brics_124,CN1CCN(C(=O)C2CC3(CCN(C4CCOCC4)CC3)C2)[C@H](C(F)(F)F)C1,,,raw,,brics,True
b84410b7,brics_125,CN1CCN(C(=O)C2CC3(CCN([C@@H]4COCCO4)CC3)C2)[C@H](C(F)(F)F)C1,,,raw,,brics,True
86355efc,brics_126,CC(C)[C@@H]1CN(C)CCN1C(=O)C1CC2(CCN([C@@H]3COCCO3)CC2)C1,,,raw,,brics,True
eeb0f723,brics_127,CC[C@@H]1CN(C)CCN1C(=O)C1CC2(CCN([C@@H]3COCCO3)CC2)C1,,,raw,,brics,True
aaeda491,brics_128,CN1CCN(C(=O)C2CC3(CCN([C@@H]4COCCO4)CC3)C2)[C@H](C2CC2)C1,,,raw,,brics,True
11c6ad23,brics_129,CN1CCN(C(=O)C2CC3(CCN([C@@H]4COCCO4)CC3)C2)[C@H]([C@H]2CC[C@](C)(O)CC2)C1,,,raw,,brics,True
3cfaa51f,brics_130,CN1CCN(C(=O)C2CC3(CCN([C@@H]4COCCO4)CC3)C2)[C@H](C2CCOCC2)C1,,,raw,,brics,True
d0b78ba6,brics_131,CN1CCN(C(=O)C2CC3(CCN([C@@H]4COCCO4)CC3)C2)[C@H](c2cnc3[nH]ccc3c2)C1,,,raw,,brics,True
f0a13601,brics_132,CN1CC=C(c2ccccc2[C@@H]2CN(C)CCN2C(=O)C2CC3(CCN([C@@H]4COCCO4)CC3)C2)CC1,,,raw,,brics,True
b548544a,brics_133,CN1CCN(C(=O)C2CC3(CCN([C@@H]4COCCO4)CC3)C2)[C@H](N(C)C)C1,,,raw,,brics,True
c7f4a468,brics_134,CC(C)[C@@H]1CN(C)CCN1C(=O)C1CC2(CCN(C3CC3)CC2)C1,,,raw,,brics,True
f1215ead,brics_135,CC[C@@H]1CN(C)CCN1C(=O)C1CC2(CCN(C3CC3)CC2)C1,,,raw,,brics,True
a7a2c34d,brics_136,CN1CCN(C(=O)C2CC3(CCN(C4CC4)CC3)C2)[C@H](C2CC2)C1,,,raw,,brics,True
26034913,brics_137,CN1CCN(C(=O)C2CC3(CCN(C4CC4)CC3)C2)[C@H]([C@H]2CC[C@](C)(O)CC2)C1,,,raw,,brics,True
e2b0d43b,brics_138,CN1CCN(C(=O)C2CC3(CCN(C4CC4)CC3)C2)[C@H](C2CCOCC2)C1,,,raw,,brics,True
1ee49c38,brics_139,CN1CCN(C(=O)C2CC3(CCN(C4CC4)CC3)C2)[C@H](c2cnc3[nH]ccc3c2)C1,,,raw,,brics,True
605d23e3,brics_140,CN1CC=C(c2ccccc2[C@@H]2CN(C)CCN2C(=O)C2CC3(CCN(C4CC4)CC3)C2)CC1,,,raw,,brics,True
675c5655,brics_141,CN1CCN(C(=O)C2CC3(CCN(C4CC4)CC3)C2)[C@H](N(C)C)C1,,,raw,,brics,True
fe5296be,brics_142,CC(C)[C@@H]1CN(C)CCN1C(=O)C1CC2(CCN(c3cnc4[nH]ccc4c3)CC2)C1,,,raw,,brics,True
ef4f1dd9,brics_143,CC(C)[C@@H]1CN(C)CCN1C(=O)C1CC2(CCN(c3ccccc3C3=CCN(C)CC3)CC2)C1,,,raw,,brics,True
d57bdd6d,brics_144,CC(C)[C@@H]1CN(C)CCN1C(=O)C1CC2(CCN([C@H]3CC[C@](C)(O)CC3)CC2)C1,,,raw,,brics,True
b21fccfc,brics_145,CC(C)[C@@H]1CN(C)CCN1C(=O)C1CC2(CCN(C3CCOCC3)CC2)C1,,,raw,,brics,True
6375437d,brics_146,CC[C@@H]1CN(C)CCN1C(=O)C1CC2(CCN(c3cnc4[nH]ccc4c3)CC2)C1,,,raw,,brics,True
75503ad9,brics_147,CN1CCN(C(=O)C2CC3(CCN(c4cnc5[nH]ccc5c4)CC3)C2)[C@H](C2CC2)C1,,,raw,,brics,True
a1385bc7,brics_148,CN1CCN(C(=O)C2CC3(CCN(c4cnc5[nH]ccc5c4)CC3)C2)[C@H]([C@H]2CC[C@](C)(O)CC2)C1,,,raw,,brics,True
bbe763a1,brics_149,CN1CCN(C(=O)C2CC3(CCN(c4cnc5[nH]ccc5c4)CC3)C2)[C@H](C2CCOCC2)C1,,,raw,,brics,True
7a440695,brics_150,CN1CCN(C(=O)C2CC3(CCN(c4cnc5[nH]ccc5c4)CC3)C2)[C@H](c2cnc3[nH]ccc3c2)C1,,,raw,,brics,True
54936a3f,brics_151,CN1CC=C(c2ccccc2[C@@H]2CN(C)CCN2C(=O)C2CC3(CCN(c4cnc5[nH]ccc5c4)CC3)C2)CC1,,,raw,,brics,True
b8f0cda8,brics_152,CN1CCN(C(=O)C2CC3(CCN(c4cnc5[nH]ccc5c4)CC3)C2)[C@H](N(C)C)C1,,,raw,,brics,True
adfa1f43,brics_153,CN1CC=C(c2ccccc2N2CCC3(CC2)CC(C(=O)N2CCN(C)C[C@H]2[C@H]2CC[C@](C)(O)CC2)C3)CC1,,,raw,,brics,True
4696c1fc,brics_154,CN1CCN(C(=O)C2CC3(CCN([C@H]4CC[C@](C)(O)CC4)CC3)C2)[C@H]([C@H]2CC[C@](C)(O)CC2)C1,,,raw,,brics,True
6587763e,brics_155,CN1CCN(C(=O)C2CC3(CCN(C4CCOCC4)CC3)C2)[C@H]([C@H]2CC[C@](C)(O)CC2)C1,,,raw,,brics,True
9e958241,brics_156,CC[C@@H]1CN(C)CCN1C(=O)C1CC2(CCN([C@H]3CC[C@](C)(O)CC3)CC2)C1,,,raw,,brics,True
2836c488,brics_157,CN1CCN(C(=O)C2CC3(CCN([C@H]4CC[C@](C)(O)CC4)CC3)C2)[C@H](C2CC2)C1,,,raw,,brics,True
745bbedd,brics_158,CN1CCN(C(=O)C2CC3(CCN([C@H]4CC[C@](C)(O)CC4)CC3)C2)[C@H](C2CCOCC2)C1,,,raw,,brics,True
a555e3ec,brics_159,CN1CCN(C(=O)C2CC3(CCN([C@H]4CC[C@](C)(O)CC4)CC3)C2)[C@H](c2cnc3[nH]ccc3c2)C1,,,raw,,brics,True
03d6e7ba,brics_160,CN1CC=C(c2ccccc2[C@@H]2CN(C)CCN2C(=O)C2CC3(CCN([C@H]4CC[C@](C)(O)CC4)CC3)C2)CC1,,,raw,,brics,True
09be3283,brics_161,CN1CCN(C(=O)C2CC3(CCN([C@H]4CC[C@](C)(O)CC4)CC3)C2)[C@H](N(C)C)C1,,,raw,,brics,True
19446abf,brics_162,CC[C@@H]1CN(C)CCN1C(=O)C1CC2(CCN(c3ccccc3C3=CCN(C)CC3)CC2)C1,,,raw,,brics,True
913bb8ae,brics_163,CN1CC=C(c2ccccc2N2CCC3(CC2)CC(C(=O)N2CCN(C)C[C@H]2C2CC2)C3)CC1,,,raw,,brics,True
81a013bf,brics_164,CN1CC=C(c2ccccc2N2CCC3(CC2)CC(C(=O)N2CCN(C)C[C@H]2C2CCOCC2)C3)CC1,,,raw,,brics,True
37f672ef,brics_165,CN1CC=C(c2ccccc2N2CCC3(CC2)CC(C(=O)N2CCN(C)C[C@H]2c2cnc4[nH]ccc4c2)C3)CC1,,,raw,,brics,True
1d1d463e,brics_166,CN1CC=C(c2ccccc2[C@@H]2CN(C)CCN2C(=O)C2CC3(CCN(c4ccccc4C4=CCN(C)CC4)CC3)C2)CC1,,,raw,,brics,True
059f3378,brics_167,CN1CC=C(c2ccccc2N2CCC3(CC2)CC(C(=O)N2CCN(C)C[C@H]2N(C)C)C3)CC1,,,raw,,brics,True
809df0c3,brics_168,CN1CCN(C(=O)C2CC3(CCN(C4CCOCC4)CC3)C2)[C@H](N(C)C)C1,,,raw,,brics,True
1e743786,brics_169,CN1CCN(C(=O)C2CC3(CCN(C4CCOCC4)CC3)C2)[C@H](C2CCOCC2)C1,,,raw,,brics,True
48fc3029,brics_170,CN1CC=C(c2ccccc2[C@@H]2CN(C)CCN2C(=O)C2CC3(CCN(C4CCOCC4)CC3)C2)CC1,,,raw,,brics,True
67b18cfd,brics_171,CN1CCN(C(=O)C2CC3(CCN(C4CCOCC4)CC3)C2)[C@H](c2cnc3[nH]ccc3c2)C1,,,raw,,brics,True
8c59d378,brics_172,CC[C@@H]1CN(C)CCN1C(=O)C1CC2(CCN(C3CCOCC3)CC2)C1,,,raw,,brics,True
9e0d543d,brics_173,CN1CCN(C(=O)C2CC3(CCN(C4CCOCC4)CC3)C2)[C@H](C2CC2)C1,,,raw,,brics,True
2f577e3c,brics_174,C[C@]1(O)CC[C@H]([C@H]2CCCN2C(=O)C2CC3(CCN(C4CC4)CC3)C2)CC1,,,raw,,brics,True
a49f8f56,brics_175,C[C@]1(O)CC[C@H]([C@H]2CCCN2C(=O)C2CC3(CCN([C@H]4CC[C@](C)(O)CC4)CC3)C2)CC1,,,raw,,brics,True
34833280,brics_176,C[C@]1(O)CC[C@H]([C@H]2CCCN2C(=O)C2CC3(CCN(C4CCOCC4)CC3)C2)CC1,,,raw,,brics,True
9c735fc4,brics_177,C[C@]1(O)CC[C@H]([C@H]2CCCN2C(=O)C2CC3(CCN([C@@H]4COCCO4)CC3)C2)CC1,,,raw,,brics,True
683e0dde,brics_178,C[C@]1(O)CC[C@H]([C@H]2CCCN2C(=O)C2CC3(CCN(c4cnc5[nH]ccc5c4)CC3)C2)CC1,,,raw,,brics,True
bdb1f676,brics_179,CN1CC=C(c2ccccc2N2CCC3(CC2)CC(C(=O)N2CCC[C@@H]2[C@H]2CC[C@](C)(O)CC2)C3)CC1,,,raw,,brics,True
367dd395,brics_180,CN1CC=C(c2ccccc2N2CCC3(CC2)CC(C(=O)N2CCC[C@@H]2N(C)C)C3)CC1,,,raw,,brics,True
853128fa,brics_181,CC(C)[C@H]1CCCN1C(=O)C1CC2(CCN(c3ccccc3C3=CCN(C)CC3)CC2)C1,,,raw,,brics,True
85586a59,brics_182,CN1CC=C(c2ccccc2N2CCC3(CC2)CC(C(=O)N2CCC[C@@H]2C(F)(F)F)C3)CC1,,,raw,,brics,True
dbc28be5,brics_183,CC[C@H]1CCCN1C(=O)C1CC2(CCN(c3ccccc3C3=CCN(C)CC3)CC2)C1,,,raw,,brics,True
4eb621fa,brics_184,CN1CC=C(c2ccccc2N2CCC3(CC2)CC(C(=O)N2CCC[C@@H]2c2cnc4[nH]ccc4c2)C3)CC1,,,raw,,brics,True
df3c5a03,brics_185,CN1CC=C(c2ccccc2[C@H]2CCCN2C(=O)C2CC3(CCN(c4ccccc4C4=CCN(C)CC4)CC3)C2)CC1,,,raw,,brics,True
8eeafa17,brics_186,CN1CC=C(c2ccccc2N2CCC3(CC2)CC(C(=O)N2CCC[C@@H]2C2CC2)C3)CC1,,,raw,,brics,True
2844eda6,brics_187,CN1CC=C(c2ccccc2N2CCC3(CC2)CC(C(=O)N2CCC[C@@H]2C2CCOCC2)C3)CC1,,,raw,,brics,True
7854f091,brics_188,CN(C)[C@H]1CCCN1C(=O)C1CC2(CCN(C3CC3)CC2)C1,,,raw,,brics,True
d90ddfef,brics_189,CN(C)[C@H]1CCCN1C(=O)C1CC2(CCN([C@H]3CC[C@](C)(O)CC3)CC2)C1,,,raw,,brics,True
dd8aff4d,brics_190,CN(C)[C@H]1CCCN1C(=O)C1CC2(CCN(C3CCOCC3)CC2)C1,,,raw,,brics,True
569dc57e,brics_191,CN(C)[C@H]1CCCN1C(=O)C1CC2(CCN([C@@H]3COCCO3)CC2)C1,,,raw,,brics,True
7d3950c9,brics_192,CN(C)[C@H]1CCCN1C(=O)C1CC2(CCN(c3cnc4[nH]ccc4c3)CC2)C1,,,raw,,brics,True
f2f59f57,brics_193,CC(C)[C@H]1CCCN1C(=O)C1CC2(CCN(C3CCOCC3)CC2)C1,,,raw,,brics,True
d47a7f13,brics_194,O=C(C1CC2(CCN(C3CCOCC3)CC2)C1)N1CCC[C@@H]1C(F)(F)F,,,raw,,brics,True
3cbd75c7,brics_195,CC[C@H]1CCCN1C(=O)C1CC2(CCN(C3CCOCC3)CC2)C1,,,raw,,brics,True
95656e80,brics_196,O=C(C1CC2(CCN(C3CCOCC3)CC2)C1)N1CCC[C@@H]1c1cnc2[nH]ccc2c1,,,raw,,brics,True
2339584f,brics_197,CN1CC=C(c2ccccc2[C@H]2CCCN2C(=O)C2CC3(CCN(C4CCOCC4)CC3)C2)CC1,,,raw,,brics,True
1657a3a5,brics_198,O=C(C1CC2(CCN(C3CCOCC3)CC2)C1)N1CCC[C@@H]1C1CC1,,,raw,,brics,True
a7f950d4,brics_199,O=C(C1CC2(CCN(C3CCOCC3)CC2)C1)N1CCC[C@@H]1C1CCOCC1,,,raw,,brics,True
