record_id,source_id,smiles,inchi,inchikey,status,errors,generation_method,parent_smiles,n_mutations
8470f5df,mutant_0,CCc1ccccc1[C@@H]1CCCN1C1CC2(C=CN(c3ccc(C(=O)NS(=O)(=O)c4ccc(NC[C@H]5CC[C@@](O)(C(F)(F)F)CC5)c([N+](=O)[O-])c4)c(Oc4cnc5[nH]ccc5c4)c3)CC2)C1,,,raw,,mutation,CC(C)c1ccccc1[C@@H]1CCCN1C1CC2(CCN(c3ccc(C(=O)NS(=O)(=O)c4ccc(NC[C@H]5CC[C@@](O)(C(F)(F)F)CC5)c([N+](=O)[O-])c4)c(Oc4cnc5[nH]ccc5c4)c3)CC2)C1,2
0a6b5af8,mutant_1,CN(C)CC(=O)N1CCC(c2ccccc2[C@H]2CCC[SH]2c2ccc(-c3ccc(C(=O)NS(=O)(=O)c4ccc(NC[C@H]5CC[C@](C)(O)CC5)c([N+][O-])c4)c(Oc4cnc5[nH]ccc5c4)c3)cc2)CC1,,,raw,,mutation,CN(C)CC(=O)N1CCC(c2ccccc2[C@H]2CCCN2c2ccc(-c3ccc(C(=O)NS(=O)(=O)c4ccc(NC[C@H]5CC[C@](C)(O)CC5)c([N+](=O)[O-])c4)c(Oc4cnc5[nH]ccc5c4)c3)cc2)CC1,2
0a7be5c2,mutant_2,CNCCC(=O)N1CCC(c2ccccc2[C@H]2CC3CN2c2ccc(cc2)-c2ccc(c(Oc4cnc5[nH]ccc5c4)c2)C(=O)NS(=O)(=O)c2cc([N+](=O)[O-])c(NC[C@H]4CC[C@](C)(O)CC4)cc23)CC1,,,raw,,mutation,CN(C)CCC(=O)N1CCC(c2ccccc2[C@H]2CCCN2c2ccc(-c3ccc(C(=O)NS(=O)(=O)c4ccc(NC[C@H]5CC[C@](C)(O)CC5)c([N+](=O)[O-])c4)c(Oc4cnc5[nH]ccc5c4)c3)cc2)CC1,2
953910d0,mutant_3,CN1CCN(C2CC3(CCN(c4ccc(C(=O)NS(=O)(=O)c5ccc(NC[C@H]6CC[C@](C)(O)CC6)c([N+][O-])c5)c(Oc5cnc6[nH]ccc6c5)c4)CN3)C2)[C@@H](c2ccccc2C2CC2)C1,,,raw,,mutation,CN1CCN(C2CC3(CCN(c4ccc(C(=O)NS(=O)(=O)c5ccc(NC[C@H]6CC[C@](C)(O)CC6)c([N+](=O)[O-])c5)c(Oc5cnc6[nH]ccc6c5)c4)CC3)C2)[C@@H](c2ccccc2C2CC2)C1,2
2844f2f2,mutant_4,O=[N+]c1cc2ccc1NC[C@H]1OCCOC1c1cccc(c1C1CC1)[C@@H]1CCCN1C1CC3(CCN(CC3)c3ccc(c(Oc4cnc5[nH]ccc5c4)c3)C(=O)NS2(=O)=O)C1,,,raw,,mutation,O=C(NS(=O)(=O)c1ccc(NC[C@@H]2COCCO2)c([N+](=O)[O-])c1)c1ccc(N2CCC3(CC2)CC(N2CCC[C@H]2c2ccccc2C2CC2)C3)cc1Oc1cnc2[nH]ccc2c1,2
fef79d49,mutant_5,CCc1ccccc1[C@@H]1CCCN1C1CC2(CCN(c3ccc(C(=O)NS(=O)(=O)c4ccc(NC[C@@H]5COCCO5)c([N+](=O)[O-])c4)c(Oc4cnc5[nH]ccc5c4)c3)CC2)C1CC,,,raw,,mutation,CCc1ccccc1[C@@H]1CCCN1C1CC2(CCN(c3ccc(C(=O)NS(=O)(=O)c4ccc(NC[C@@H]5COCCO5)c([N+](=O)[O-])c4)c(Oc4cnc5[nH]ccc5c4)c3)CC2)C1,2
5d715edc,mutant_6,O=C1NS(=O)(=O)c2cc([N+](=O)[O-])c(NC[C@@H]3COCCO3)cc2C2CC2c2ccccc2[C@@H]2CCCN2C2CC3(CCN(CC3)c3ccc1c(Oc1cnc4[nH]ccc4c1)c3)C2,,,raw,,mutation,O=C(NS(=O)(=O)c1ccc(NC[C@@H]2COCCO2)c([N+](=O)[O-])c1)c1ccc(N2CCC3(CC2)CC(N2CCC[C@H]2c2ccccc2C2CC2)C3)cc1Oc1cnc2[nH]ccc2c1,2
78a4ca1a,mutant_7,CCc1ccncc1[C@@H]1CCCN1C1CC2(CCN(c3ccc(C(=O)NS(=O)(=O)c4ccc(NCC5CCOCC5)c([N+](=O)[O-])c4)c(Oc4cnc5[nH]ccc5c4)c3)CC2)C1,,,raw,,mutation,CCc1ccccc1[C@@H]1CCCN1C1CC2(CCN(c3ccc(C(=O)NS(=O)(=O)c4ccc(NCC5CCOCC5)c([N+](=O)[O-])c4)c(Oc4cnc5[nH]ccc5c4)c3)CC2)C1,2
44e2d1ff,mutant_8,CN(C)C1=CC=CC=S1[C@@H]1CCCN1C1CC2(CCN(c3ccc(C(=O)NS(=O)(=O)c4ccc(NC[C@H]5CC[C@@](O)(C(F)(F)F)CC5)c([N+](=O)[O-])c4)c(Oc4cnc5[nH]ccc5c4)c3)CC2)C1,,,raw,,mutation,CC(C)c1ccccc1[C@@H]1CCCN1C1CC2(CCN(c3ccc(C(=O)NS(=O)(=O)c4ccc(NC[C@H]5CC[C@@](O)(C(F)(F)F)CC5)c([N+](=O)[O-])c4)c(Oc4cnc5[nH]ccc5c4)c3)CC2)C1,2
9fde876c,mutant_9,CCc1ccccc1[C@@H]1CCCN1C1CC2(CCN(c3ccc(C(=O)NS(=O)c4ccc(N(CC5CCOCC5)OC)c([N+](=O)[O-])c4)c(Oc4cnc5[nH]ccc5c4)c3)CC2)C1,,,raw,,mutation,CCc1ccccc1[C@@H]1CCCN1C1CC2(CCN(c3ccc(C(=O)NS(=O)(=O)c4ccc(NCC5CCOCC5)c([N+](=O)[O-])c4)c(Oc4cnc5[nH]ccc5c4)c3)CC2)C1,2
4048e8e3,mutant_10,CC(C)c1ccccc1[C@H]1CCCN1C1CC2(CCN(c3ccc(C(=O)NS(=O)(=O)c4ccc(NC[C@H]5CC[C@@](O)(C(F)F)CC5)c([N+]=O)c4)c(Oc4cnc5[nH]ccc5c4)c3)CC2)C1,,,raw,,mutation,CC(C)c1ccccc1[C@H]1CCCN1C1CC2(CCN(c3ccc(C(=O)NS(=O)(=O)c4ccc(NC[C@H]5CC[C@@](O)(C(F)(F)F)CC5)c([N+](=O)[O-])c4)c(Oc4cnc5[nH]ccc5c4)c3)CC2)C1,2
ad76b566,mutant_11,CNCCN1CCC(c2ccccc2[C@H]2CCCN2c2ccc(-c3ccc(C(=O)NS(=O)(=O)c4ccc(NC[C@H]5CC[C@](C)(O)CC5)c([N+](=O)[O-])c4)c(Oc4cnc5[nH]ccc5c4)c3)cc2)CC1,,,raw,,mutation,CN(C)CC(=O)N1CCC(c2ccccc2[C@H]2CCCN2c2ccc(-c3ccc(C(=O)NS(=O)(=O)c4ccc(NC[C@H]5CC[C@](C)(O)CC5)c([N+](=O)[O-])c4)c(Oc4cnc5[nH]ccc5c4)c3)cc2)CC1,2
b803272a,mutant_12,CCC1C(N2CCC[C@H]2c2ccccc2C2CC2)CC12CCN(c1ccc(CNS(=O)(=O)c3ccc(NCC4CCOC(C)(C)C4)c([N+](=O)[O-])c3)c(Oc3cnc4[nH]ccc4c3)c1)CC2,,,raw,,mutation,CC1(C)CC(CNc2ccc(S(=O)(=O)NC(=O)c3ccc(N4CCC5(CC4)CC(N4CCC[C@H]4c4ccccc4C4CC4)C5)cc3Oc3cnc4[nH]ccc4c3)cc2[N+](=O)[O-])CCO1,2
33d1ae8c,mutant_13,CN1CC=C(c2ccccc2[C@H]2CCCN2c2ccc(-c3ccc(C(=O)N[SH](=O)(O)c4ccc(NCC5(F)CCN(C6COC6)CC5)c([N+](=O)[O-])c4)c(Oc4cnc5[nH]ccc5c4)c3)cc2)CC1,,,raw,,mutation,CN1CC=C(c2ccccc2[C@H]2CCCN2c2ccc(-c3ccc(C(=O)NS(=O)(=O)c4ccc(NCC5(F)CCN(C6COC6)CC5)c([N+](=O)[O-])c4)c(Oc4cnc5[nH]ccc5c4)c3)cc2)CC1,2
3c53277a,mutant_14,CN(C)CC(=O)N1CCC(Cl)(c2ccccc2[C@H]2CCCN2c2ccc(-c3ccc(C(=O)NS(=O)(=O)c4ccc(NC[C@H]5CC[C@](C)(O)CC5)c([N+]=O)c4)c(Oc4cnc5[nH]ccc5c4)c3)cc2)CC1,,,raw,,mutation,CN(C)CC(=O)N1CCC(c2ccccc2[C@H]2CCCN2c2ccc(-c3ccc(C(=O)NS(=O)(=O)c4ccc(NC[C@H]5CC[C@](C)(O)CC5)c([N+](=O)[O-])c4)c(Oc4cnc5[nH]ccc5c4)c3)cc2)CC1,2
04958aa0,mutant_15,[C-][N+](=O)c1cc(S(=O)NC(=O)c2ccc(N3CCC4(CC3)CC(N3CCC[C@H]3c3ccccc3C3CC3)C4)cc2Oc2cnc(N)c(Cl)c2)ccc1NCC1CCOCC1,,,raw,,mutation,Nc1ncc(Oc2cc(N3CCC4(CC3)CC(N3CCC[C@H]3c3ccccc3C3CC3)C4)ccc2C(=O)NS(=O)(=O)c2ccc(NCC3CCOCC3)c([N+](=O)[O-])c2)cc1Cl,2
b36375be,mutant_16,Cc1ccccc1[S@@H]1CCCN1C1CC2(CCN(c3ccc(C(=O)NS(=O)(=O)c4ccc(NC[C@@H]5COCCO5)c([N+](=O)[O-])c4)c(Oc4cnc5[nH]ccc5c4)c3)CC2)C1,,,raw,,mutation,CCc1ccccc1[C@@H]1CCCN1C1CC2(CCN(c3ccc(C(=O)NS(=O)(=O)c4ccc(NC[C@@H]5COCCO5)c([N+](=O)[O-])c4)c(Oc4cnc5[nH]ccc5c4)c3)CC2)C1,2
ac7f0382,mutant_17,CO[C@]1(C)CC[C@@H](CNc2ccc(S(=O)(=O)NC(=O)c3ccc(N4CCC5(CC(N6CCC[C@H]6c6ccccc6C(C)C)C5)SC4)cc3Oc3cnc4[nH]ccc4c3)cc2[N+](=O)[O-])CC1,,,raw,,mutation,CO[C@]1(C)CC[C@@H](CNc2ccc(S(=O)(=O)NC(=O)c3ccc(N4CCC5(CC4)CC(N4CCC[C@H]4c4ccccc4C(C)C)C5)cc3Oc3cnc4[nH]ccc4c3)cc2[N+](=O)[O-])CC1,2
1290bead,mutant_18,COC1C[C@@H](CNc2ccc(S(=N)(=O)NC(=O)c3ccc(N4CCC5(CC4)CC(N4CCN(C)C[C@@H]4c4ccccc4C4CC4)C5)cc3Oc3cnc4[nH]ccc4c3)cc2[N+](=O)[O-])CC[C@]1(C)O,,,raw,,mutation,CN1CCN(C2CC3(CCN(c4ccc(C(=O)NS(=O)(=O)c5ccc(NC[C@H]6CC[C@](C)(O)CC6)c([N+](=O)[O-])c5)c(Oc5cnc6[nH]ccc6c5)c4)CC3)C2)[C@@H](c2ccccc2C2CC2)C1,2
26f016da,mutant_19,CN1CC=C(c2ccccc2[C@H]2CCCN2c2ccc(-c3ccc(C(=O)NS(=O)(=O)c4ccc(NCC5CC[C]CC5)c([N+](=O)[O-])c4)c(Oc4cnc5[nH]ccc5c4)c3)cc2)CC1,,,raw,,mutation,CN1CC=C(c2ccccc2[C@H]2CCCN2c2ccc(-c3ccc(C(=O)NS(=O)(=O)c4ccc(NC[C@H]5CC[C@](C)(O)CC5)c([N+](=O)[O-])c4)c(Oc4cnc5[nH]ccc5c4)c3)cc2)CC1,2
aac523d5,mutant_20,CN(CC1CCOCC1)C(=O)Nc1c2cc(cc1[N+](=O)[O-])S(=O)(=O)NCc1cc-2c(N2CCC3(CC2)CC(N2CCC[C@H]2c2ccccc2C2CC2)C3)cc1Oc1cnc2[nH]ccc2c1,,,raw,,mutation,CN(CC1CCOCC1)C(=O)Nc1ccc(S(=O)(=O)NC(=O)c2ccc(N3CCC4(CC3)CC(N3CCC[C@H]3c3ccccc3C3CC3)C4)cc2Oc2cnc3[nH]ccc3c2)cc1[N+](=O)[O-],2
3719999e,mutant_21,CCc1ccccc1[C@@H]1CCCN1C1CC2(CCN(c3ccc(C(=O)NS(=O)(=O)c4ccc(NC[C@@H]5COCCO5)c([N+]=O)c4)c(Oc4cnc5[nH]c#cc5c4)c3)CC2)C1,,,raw,,mutation,CCc1ccccc1[C@@H]1CCCN1C1CC2(CCN(c3ccc(C(=O)NS(=O)(=O)c4ccc(NC[C@@H]5COCCO5)c([N+](=O)[O-])c4)c(Oc4cnc5[nH]ccc5c4)c3)CC2)C1,2
27e2fd60,mutant_22,CN(C)CCC(=O)N1CCC(c2ncccc2[C@H]2CCCN2c2ccc(-c3ccc(C(=O)NS(=O)c4ccc(NC[C@H]5CC[C@](C)(O)CC5)c([N+](=O)[O-])c4)c(Oc4cnc5[nH]ccc5c4)c3)cc2)CC1,,,raw,,mutation,CN(C)CCC(=O)N1CCC(c2ccccc2[C@H]2CCCN2c2ccc(-c3ccc(C(=O)NS(=O)(=O)c4ccc(NC[C@H]5CC[C@](C)(O)CC5)c([N+](=O)[O-])c4)c(Oc4cnc5[nH]ccc5c4)c3)cc2)CC1,2
5d3d4bff,mutant_23,Cc1ccccc1[C@@H]1CCCN1C1CC2(CCN(c3ccc(C(=O)NS(=O)c4ccc(NCC5CCOCC5)c([N+](=O)[O-])c4)c(Oc4cnc5[nH]ccc5c4)c3)CC2)C1,,,raw,,mutation,CCc1ccccc1[C@@H]1CCCN1C1CC2(CCN(c3ccc(C(=O)NS(=O)(=O)c4ccc(NCC5CCOCC5)c([N+](=O)[O-])c4)c(Oc4cnc5[nH]ccc5c4)c3)CC2)C1,2
c5cd065c,mutant_24,CCc1ccccc1[C@@H]1CCCN1C1CC2(CCN(c3ccc(C(=O)NS(=O)(=O)c4ccc(NCC5CCOCC5)c([N+]=O)c4)c(Oc4cnc5[nH]ccc5c4)c3C)CC2)C1,,,raw,,mutation,CCc1ccccc1[C@@H]1CCCN1C1CC2(CCN(c3ccc(C(=O)NS(=O)(=O)c4ccc(NCC5CCOCC5)c([N+](=O)[O-])c4)c(Oc4cnc5[nH]ccc5c4)c3)CC2)C1,2
5a7a3e27,mutant_25,CCc1ccccc1[C@@H]1CCCN1C1CC2(CCN(c3ccc(C(=O)NS(=O)(=O)C4=CC=S(NCC5CCOCC5)C([N+]=O)=C4)c(Oc4cnc5[nH]ccc5c4)c3)CC2)C1,,,raw,,mutation,CCc1ccccc1[C@@H]1CCCN1C1CC2(CCN(c3ccc(C(=O)NS(=O)(=O)c4ccc(NCC5CCOCC5)c([N+](=O)[O-])c4)c(Oc4cnc5[nH]ccc5c4)c3)CC2)C1,2
c6feed85,mutant_26,O=C(NS(=O)c1ccc(NC[C@@H]2COCCO2)c([N+](=O)[O-])c1)c1ccc(N2CCC3(CC2)CC(N2CCC[C@H]2c2c(O)cccc2C2CC2)C3)cc1Oc1cnc2[nH]ccc2c1,,,raw,,mutation,O=C(NS(=O)(=O)c1ccc(NC[C@@H]2COCCO2)c([N+](=O)[O-])c1)c1ccc(N2CCC3(CC2)CC(N2CCC[C@H]2c2ccccc2C2CC2)C3)cc1Oc1cnc2[nH]ccc2c1,2
75b245cd,mutant_27,CC(C)c1ccccc1[C@H]1CCCN1C1=CC2(CCN(c3ccc(C(=O)NS(=O)(=O)c4ccc(NC[C@H]5CC[C@@](O)(C(F)(F)F)CC5)c([N+](=O)[O-])c4)c(Oc4cc5cc[nH]c5nc4N)c3)CC2)C1,,,raw,,mutation,CC(C)c1ccccc1[C@H]1CCCN1C1CC2(CCN(c3ccc(C(=O)NS(=O)(=O)c4ccc(NC[C@H]5CC[C@@](O)(C(F)(F)F)CC5)c([N+](=O)[O-])c4)c(Oc4cnc5[nH]ccc5c4)c3)CC2)C1,2
1cb81991,mutant_28,CN1CCN(C2CC3(CCN(c4ccc(C(=O)NS(=O)c5ccc(NC[C@H]6CC[C@](C)CC6)c([N+](=O)[O-])c5)c(Oc5cnc6[nH]ccc6c5)c4)CC3)C2)[C@@H](c2ccccc2C2CC2)C1,,,raw,,mutation,CN1CCN(C2CC3(CCN(c4ccc(C(=O)NS(=O)(=O)c5ccc(NC[C@H]6CC[C@](C)(O)CC6)c([N+](=O)[O-])c5)c(Oc5cnc6[nH]ccc6c5)c4)CC3)C2)[C@@H](c2ccccc2C2CC2)C1,2
674c516f,mutant_29,CNCC(=O)N1CCC(c2cccc(F)c2[C@H]2CCCN2c2ccc(-c3ccc(C(=O)NS(=O)(=O)c4ccc(NC[C@H]5CC[C@](O)CC5)c([N+](=O)[O-])c4)c(Oc4cnc5[nH]ccc5c4)c3)cc2)CC1,,,raw,,mutation,CNCC(=O)N1CCC(c2ccccc2[C@H]2CCCN2c2ccc(-c3ccc(C(=O)NS(=O)(=O)c4ccc(NC[C@H]5CC[C@](C)(O)CC5)c([N+](=O)[O-])c4)c(Oc4cnc5[nH]ccc5c4)c3)cc2)CC1,2
81542512,mutant_30,C[C]1CC[C@@H](CNc2ccc(S(=O)(=O)NC(=O)c3ccc(N4CCC5(CC4)CC(N4CCN(C)C[C@@H]4c4ccccc4C4CC4)C5)cc3Oc3cnc4[nH]ccc4c3)cc2[N+](=O)[O-])NC1,,,raw,,mutation,CN1CCN(C2CC3(CCN(c4ccc(C(=O)NS(=O)(=O)c5ccc(NC[C@H]6CC[C@](C)(O)CC6)c([N+](=O)[O-])c5)c(Oc5cnc6[nH]ccc6c5)c4)CC3)C2)[C@@H](c2ccccc2C2CC2)C1,2
d9a600f8,mutant_31,CNCC(=O)N1CCC(c2ccccc2[C@H]2CCCN2c2ccc(-c3ccc(C(=O)NS(=O)(=O)c4cc5c(NC[C@H]6CC[C@](C)(O)CC6)c([N+](=O)[O-])c4-5)c(Oc4cnc5[nH]ccc5c4)c3)cc2)CC1,,,raw,,mutation,CN(C)CC(=O)N1CCC(c2ccccc2[C@H]2CCCN2c2ccc(-c3ccc(C(=O)NS(=O)(=O)c4ccc(NC[C@H]5CC[C@](C)(O)CC5)c([N+](=O)[O-])c4)c(Oc4cnc5[nH]ccc5c4)c3)cc2)CC1,2
9e3d5f40,mutant_32,CN(C)CCOC1CC(c2ccccc2C2CC2)N(C2CC3(CCN(c4ccc(C(=O)NS(=O)(=O)c5ccc(NCC6CCOCC6)c([N+][O-])c5)c(Oc5cnc6[nH]ccc6c5)c4)CC3)C2)C1,,,raw,,mutation,CN(C)CCOC1CC(c2ccccc2C2CC2)N(C2CC3(CCN(c4ccc(C(=O)NS(=O)(=O)c5ccc(NCC6CCOCC6)c([N+](=O)[O-])c5)c(Oc5cnc6[nH]ccc6c5)c4)CC3)C2)C1,2
4a551faa,mutant_33,CN1CCN(C2CC3(CC4C3CN4c3ccc(C(=O)NS(=O)(=O)c4c#c([N+](=O)[O-])c(NC[C@H]5CC[C@](C)(O)CC5)cc4)c(Oc4cnc5[nH]ccc5c4)c3)C2)[C@H](c2ccccc2C2CC2)C1,,,raw,,mutation,CN1CCN(C2CC3(CCN(c4ccc(C(=O)NS(=O)(=O)c5ccc(NC[C@H]6CC[C@](C)(O)CC6)c([N+](=O)[O-])c5)c(Oc5cnc6[nH]ccc6c5)c4)CC3)C2)[C@H](c2ccccc2C2CC2)C1,2
5e7d0953,mutant_34,CC1(C)CC(CNc2ccc(S(=O)(=O)NC(=O)c3ccc(N4CCC5(CC4)CC(N4CCC[C@H]4c4ccccc4C4CC4)C5)cc3Oc3cnc4[nH]ccc4c3)cc2[N+]([O-])=S)CC(C)(CO)O1,,,raw,,mutation,CC1(C)CC(CNc2ccc(S(=O)(=O)NC(=O)c3ccc(N4CCC5(CC4)CC(N4CCC[C@H]4c4ccccc4C4CC4)C5)cc3Oc3cnc4[nH]ccc4c3)cc2[N+](=O)[O-])CC(C)(C)O1,2
b7311abd,mutant_35,CO[C@]12CC[C@H](CC1)CNc1cc(c(S(=O)(=O)NC(=O)c3ccc(N4CCC56CC(C5)N5CCC[C@H]5c5c(C(C)C)cccc5C6C4)cc3Oc3cnc4[nH]ccc4c3)cc1[N+](=O)[O-])C2,,,raw,,mutation,CO[C@]1(C)CC[C@@H](CNc2ccc(S(=O)(=O)NC(=O)c3ccc(N4CCC5(CC4)CC(N4CCC[C@H]4c4ccccc4C(C)C)C5)cc3Oc3cnc4[nH]ccc4c3)cc2[N+](=O)[O-])CC1,2
0e4bd2d0,mutant_36,Cc1ccccc1[C@@H]1CCCN1C1CC2(CCN(c3ccc(C(=O)NS(=O)(=O)c4cc([N+](=O)[O-])c(NC[C@@H]5COCCO5)cc4F)c(Oc4cnc5[nH]ccc5c4)c3)CC2)C1,,,raw,,mutation,CCc1ccccc1[C@@H]1CCCN1C1CC2(CCN(c3ccc(C(=O)NS(=O)(=O)c4ccc(NC[C@@H]5COCCO5)c([N+](=O)[O-])c4)c(Oc4cnc5[nH]ccc5c4)c3)CC2)C1,2
ef3c60d3,mutant_37,COC1CN(c2ccc(C(=O)NS(=O)(=O)c3ccc(NCC4CCOCC4)c([N+](=O)[O-])c3)c(Oc3cnc(N)c(Cl)c3)c2)CCC12CC(N1CCC[C@H]1c1ccccc1C1CC1)O2,,,raw,,mutation,Nc1ncc(Oc2cc(N3CCC4(CC3)CC(N3CCC[C@H]3c3ccccc3C3CC3)C4)ccc2C(=O)NS(=O)(=O)c2ccc(NCC3CCOCC3)c([N+](=O)[O-])c2)cc1Cl,2
f2015cfa,mutant_38,CN(CC1CCOCC1)C(=O)Nc1ccc(S(=O)(=O)NSc2ccc(N3CCC4(CC3)CC(N3CCC[C@H]3c3ccccc3C3CC3)C4)cc2Oc2cnc3[nH]ccc3c2)cc1[N+](=O)[O-],,,raw,,mutation,CN(CC1CCOCC1)C(=O)Nc1ccc(S(=O)(=O)NC(=O)c2ccc(N3CCC4(CC3)CC(N3CCC[C@H]3c3ccccc3C3CC3)C4)cc2Oc2cnc3[nH]ccc3c2)cc1[N+](=O)[O-],2
1b397939,mutant_39,CO[C@]1(C)CC[C@@H](CN2c3ccc(cc3[N+]([N-])=O)S(=O)(=O)N2C(=O)c2ccc(N3CCC4(CC3)CC(N3CCC[C@H]3c3ccccc3C(C)C)C4)cc2Oc2cnc3[nH]ccc3c2)CC1,,,raw,,mutation,CO[C@]1(C)CC[C@@H](CNc2ccc(S(=O)(=O)NC(=O)c3ccc(N4CCC5(CC4)CC(N4CCC[C@H]4c4ccccc4C(C)C)C5)cc3Oc3cnc4[nH]ccc4c3)cc2[N+](=O)[O-])CC1,2
2b60499a,mutant_40,O=C(NS(=O)(=O)c1ccc(NC[C@@H]2NOCCO2)c([N+](=O)[O-])c1)c1ccc(N2CCC3(CC2)CC(N2CCC[C@H]2c2ccccc2C2CC2)C3)cc1Oc1cnc2[nH]ccc2c1,,,raw,,mutation,O=C(NS(=O)(=O)c1ccc(NC[C@@H]2COCCO2)c([N+](=O)[O-])c1)c1ccc(N2CCC3(CC2)CC(N2CCC[C@H]2c2ccccc2C2CC2)C3)cc1Oc1cnc2[nH]ccc2c1,2
9839ff2c,mutant_41,COCC(C)c1ccccc1[C@@H]1CN(C)CCN1C1CC2(CCN(c3ccc(C(=O)NS(=O)(=O)c4ccc(NC[C@H]5CC[C@](C)(O)CC5O)c([N+](=O)[O-])c4)c(Oc4cnc5[nH]ccc5c4)c3)CC2)C1,,,raw,,mutation,CC(C)c1ccccc1[C@@H]1CN(C)CCN1C1CC2(CCN(c3ccc(C(=O)NS(=O)(=O)c4ccc(NC[C@H]5CC[C@](C)(O)CC5)c([N+](=O)[O-])c4)c(Oc4cnc5[nH]ccc5c4)c3)CC2)C1,2
83c51900,mutant_42,O=C(NS(=O)(=O)c1ccc(NCC2CCC(O)(C(F)(F)F)CC2)c([N+](=O)[O-])c1)c1ccc(N2CCC34CC(C3)N3CCC[C@H]3c3c(C5CC5)cccc3C2C4F)cc1Oc1cnc2[nH]ccc2c1,,,raw,,mutation,O=C(NS(=O)(=O)c1ccc(NCC2CCC(O)(C(F)(F)F)CC2)c([N+](=O)[O-])c1)c1ccc(N2CCC3(CC2)CC(N2CCC[C@H]2c2ccccc2C2CC2)C3)cc1Oc1cnc2[nH]ccc2c1,2
e6ea1742,mutant_43,CC(C)c1ccccc1[C@H]1CCCN1C12CC3(CCN(c4ccc(C(=O)NS(=O)(=O)c5ccc(NC[C@H]6CC[C@@](O)(C(F)(F)F)CC6)c([N+](=O)[O-])c5)c(Oc5cnc6[nH]ccc6c5)c4)CC31)C2,,,raw,,mutation,CC(C)c1ccccc1[C@H]1CCCN1C1CC2(CCN(c3ccc(C(=O)NS(=O)(=O)c4ccc(NC[C@H]5CC[C@@](O)(C(F)(F)F)CC5)c([N+](=O)[O-])c4)c(Oc4cnc5[nH]ccc5c4)c3)CC2)C1,2
332c4d2f,mutant_44,CO[C@]1CC[C@@H](CNc2ccc(S(=O)(=O)NC(=O)c3ccc(N4CCC5(CC4)CC(N4CCC[C@H]4c4ccccc4C(C)C)C5)cc3Oc3cnc4[nH]ccc4c3)cc2[N+](=O)[O-])CC1,,,raw,,mutation,CO[C@]1(C)CC[C@@H](CNc2ccc(S(=O)(=O)NC(=O)c3ccc(N4CCC5(CC4)CC(N4CCC[C@H]4c4ccccc4C(C)C)C5)cc3Oc3cnc4[nH]ccc4c3)cc2[N+](=O)[O-])CC1,2
2ccf8772,mutant_45,CN1C=CN(C2CC3(CCN(c4ccc(C(=O)NS(=O)(=O)c5ccc(NC[C@H]6CC[C@](C)(F)CC6)c([N+](=O)[O-])c5)c(Oc5cnc6[nH]ccc6c5)c4)CC3)C2)[C@H](c2ccccc2C2CC2)C1,,,raw,,mutation,CN1CCN(C2CC3(CCN(c4ccc(C(=O)NS(=O)(=O)c5ccc(NC[C@H]6CC[C@](C)(O)CC6)c([N+](=O)[O-])c5)c(Oc5cnc6[nH]ccc6c5)c4)CC3)C2)[C@H](c2ccccc2C2CC2)C1,2
ea09b3c8,mutant_46,COC1C(N2CCC[C@@H]2c2ccccc2C(C)C)CC12CCN(c1ccc(C(=O)NS(=O)(=O)c3ccc(NC[C@H]4CC[C@@](O)(C(F)(F)F)CC4)c([N+][O-])c3)c(Oc3cnc4[nH]ccc4c3)c1)CC2,,,raw,,mutation,CC(C)c1ccccc1[C@H]1CCCN1C1CC2(CCN(c3ccc(C(=O)NS(=O)(=O)c4ccc(NC[C@H]5CC[C@@](O)(C(F)(F)F)CC5)c([N+](=O)[O-])c4)c(Oc4cnc5[nH]ccc5c4)c3)CC2)C1,2
aa6f13fe,mutant_47,Nc1ccc(Oc2cc(N3CCC4(CC3)CC(N3CCC[C@H]3c3ccccc3C3CC3)C4)ccc2C(=O)NS(=O)(=O)c2ccc(NCC3=CCOCC3)c([N+](=O)[O-])c2)cn1,,,raw,,mutation,Nc1ncc(Oc2cc(N3CCC4(CC3)CC(N3CCC[C@H]3c3ccccc3C3CC3)C4)ccc2C(=O)NS(=O)(=O)c2ccc(NCC3CCOCC3)c([N+](=O)[O-])c2)cc1Cl,2
16acc698,mutant_48,CC1(C)CC(CNc2ccc(S(=O)(=O)NC(=O)c3cc(F)c(N4CCC5(CC4)CC(N4CCC[C@H]4c4ccccc4C4CC4)C5)cc3Oc3cnc4[nH]ccc4c3)cc2[N+]([O-])=S)CCO1,,,raw,,mutation,CC1(C)CC(CNc2ccc(S(=O)(=O)NC(=O)c3ccc(N4CCC5(CC4)CC(N4CCC[C@H]4c4ccccc4C4CC4)C5)cc3Oc3cnc4[nH]ccc4c3)cc2[N+](=O)[O-])CCO1,2
9a98f2f9,mutant_49,COC1C(N2CCC[C@H]2c2ccccc2C2CC2)CC12CCN(c1ccc(CNS(=O)(=O)c3ccc(NCC4CCOCC4)c([N+](=O)[O-])c3)c(Oc3cnc(N)c(Cl)c3)c1)CC2,,,raw,,mutation,Nc1ncc(Oc2cc(N3CCC4(CC3)CC(N3CCC[C@H]3c3ccccc3C3CC3)C4)ccc2C(=O)NS(=O)(=O)c2ccc(NCC3CCOCC3)c([N+](=O)[O-])c2)cc1Cl,2
e5e9ecd2,mutant_50,CNCCC(=O)N1CCC(c2ccccc2[C@H]2CCCN2c2ccc(-c3ccc(C(=O)NS(=O)(=O)c4ccc(NC[C@H]5CC[C@](C)CC5)c([N+](=O)[O-])c4)c(Oc4cnc5[nH]ccc5c4)c3)cc2)CC1,,,raw,,mutation,CN(C)CCC(=O)N1CCC(c2ccccc2[C@H]2CCCN2c2ccc(-c3ccc(C(=O)NS(=O)(=O)c4ccc(NC[C@H]5CC[C@](C)(O)CC5)c([N+](=O)[O-])c4)c(Oc4cnc5[nH]ccc5c4)c3)cc2)CC1,2
b0958e72,mutant_51,CC1CC(CNc2ccc(S(=O)(=O)NC(=O)c3ccc(N4CCC5(CC4)CC(N4CCC[C@H]4c4ccccc4C4CC4)C5)cc3Oc3cnc4[nH]ccc4c3)cc2[N+](=O)[O-])CSO1,,,raw,,mutation,CC1(C)CC(CNc2ccc(S(=O)(=O)NC(=O)c3ccc(N4CCC5(CC4)CC(N4CCC[C@H]4c4ccccc4C4CC4)C5)cc3Oc3cnc4[nH]ccc4c3)cc2[N+](=O)[O-])CCO1,2
41ccddba,mutant_52,C[C@]1CC[C@@H](CNc2ccc(S(=O)(=O)NC(=O)c3ccc(-c4ccc(N5CCC[C@@H]5c5ccccc5C5=CCNCC5)cc4)cc3Oc3cnc4[nH]ccc4c3)cc2[N+](=O)[O-])CC1,,,raw,,mutation,CN1CC=C(c2ccccc2[C@H]2CCCN2c2ccc(-c3ccc(C(=O)NS(=O)(=O)c4ccc(NC[C@H]5CC[C@](C)(O)CC5)c([N+](=O)[O-])c4)c(Oc4cnc5[nH]ccc5c4)c3)cc2)CC1,2
1cf70b39,mutant_53,CCc1ccccc1[C@@H]1CCCN1C1CC2(CCN(c3ccc(C(=O)NS(=O)c4ccc(NCC5CCOCC5)c([N+](=O)[O-])c4)c(Oc4cnc5[nH]ccc5c4)c3)C(CC)C2)C1,,,raw,,mutation,CCc1ccccc1[C@@H]1CCCN1C1CC2(CCN(c3ccc(C(=O)NS(=O)(=O)c4ccc(NCC5CCOCC5)c([N+](=O)[O-])c4)c(Oc4cnc5[nH]ccc5c4)c3)CC2)C1,2
ebbd196c,mutant_54,O=C(NS(=O)(=O)c1ccc(NC[C@H]2CC[C@@](O)(C(F)(F)F)CC2)c([N+](=O)[O-])c1)c1ccc(N2CCC3(CC2)CC(N2CCC[C@@H]2c2ccccc2CCl)C3)cc1Oc1cnc2[nH]ccc2c1,,,raw,,mutation,CC(C)c1ccccc1[C@H]1CCCN1C1CC2(CCN(c3ccc(C(=O)NS(=O)(=O)c4ccc(NC[C@H]5CC[C@@](O)(C(F)(F)F)CC5)c([N+](=O)[O-])c4)c(Oc4cnc5[nH]ccc5c4)c3)CC2)C1,2
de256ec5,mutant_55,COc1cc(S(=O)(=O)NC(=O)c2ccc(-c3ccc(N4CCC[C@@H]4c4ccccc4C4=CCN(C)CC4)c(C)c3)cc2Oc2cnc3[nH]ccc3c2)cc([N+](=O)[O-])c1NC[C@H]1CC[C@](C)(O)CC1,,,raw,,mutation,CN1CC=C(c2ccccc2[C@H]2CCCN2c2ccc(-c3ccc(C(=O)NS(=O)(=O)c4ccc(NC[C@H]5CC[C@](C)(O)CC5)c([N+](=O)[O-])c4)c(Oc4cnc5[nH]ccc5c4)c3)cc2)CC1,2
7d8e2148,mutant_56,O=C(NS(=O)(=O)c1ccc(NCC2CCOCC2)c([N+](=O)[O-])c1)c1ccc(N2CCC3(CC2)CC(N2CCC[C@H]2c2ccccc2C2CS2)C3)cc1Oc1cncc(Cl)c1,,,raw,,mutation,Nc1ncc(Oc2cc(N3CCC4(CC3)CC(N3CCC[C@H]3c3ccccc3C3CC3)C4)ccc2C(=O)NS(=O)(=O)c2ccc(NCC3CCOCC3)c([N+](=O)[O-])c2)cc1Cl,2
d938876b,mutant_57,COC1CCN(c2ccc(-c3ccc(CNS(=O)(=O)c4ccc(NC[C@H]5CC[C@](C)(O)CC5)c([N+](=O)[O-])c4)c(Oc4cnc5[nH]ccc5c4)c3)cc2)[C@H]1c1ccccc1C1=CCN(C)CC1,,,raw,,mutation,CN1CC=C(c2ccccc2[C@H]2CCCN2c2ccc(-c3ccc(C(=O)NS(=O)(=O)c4ccc(NC[C@H]5CC[C@](C)(O)CC5)c([N+](=O)[O-])c4)c(Oc4cnc5[nH]ccc5c4)c3)cc2)CC1,2
bca94457,mutant_58,CC(C)c1c(N)cccc1[C@H]1CCCN1C1CC2(CCN(c3ccc(C(=O)NS(=O)(=O)c4ccc(NC[C@H]5CC[C@@](O)(C(F)F)CC5)c([N+](=O)[O-])c4)c(Oc4cnc5[nH]ccc5c4)c3)CC2)C1,,,raw,,mutation,CC(C)c1ccccc1[C@H]1CCCN1C1CC2(CCN(c3ccc(C(=O)NS(=O)(=O)c4ccc(NC[C@H]5CC[C@@](O)(C(F)(F)F)CC5)c([N+](=O)[O-])c4)c(Oc4cnc5[nH]ccc5c4)c3)CC2)C1,2
d1ae1013,mutant_59,CC(C)c1ccccc1[C@@H]1CCCN1C1CC2(CCN(c3ccc(C(=O)NS(=O)c4ccc(NC[C@@H]5CC[C@](O)(C(F)(F)F)CC5F)c([N+](=O)[O-])c4)c(Oc4cnc5[nH]ccc5c4)c3)CC2)C1,,,raw,,mutation,CC(C)c1ccccc1[C@@H]1CCCN1C1CC2(CCN(c3ccc(C(=O)NS(=O)(=O)c4ccc(NC[C@H]5CC[C@@](O)(C(F)(F)F)CC5)c([N+](=O)[O-])c4)c(Oc4cnc5[nH]ccc5c4)c3)CC2)C1,2
80c376e2,mutant_60,CC(C)c1ccccc1[C@@H]1C(Cl)CCN1C1CC2(CC3C2CN3c2ccc(C(=O)NS(=O)(=O)c3ccc(NC[C@H]4CC[C@@](O)(C(F)(F)F)CC4)c([N+](=O)[O-])c3)c(Oc3cnc4[nH]ccc4c3)c2)C1,,,raw,,mutation,CC(C)c1ccccc1[C@@H]1CCCN1C1CC2(CCN(c3ccc(C(=O)NS(=O)(=O)c4ccc(NC[C@H]5CC[C@@](O)(C(F)(F)F)CC5)c([N+](=O)[O-])c4)c(Oc4cnc5[nH]ccc5c4)c3)CC2)C1,2
6db56f27,mutant_61,CCc1cc(-c2ccc(C(=O)NS(=O)c3ccc(NC[C@H]4CC[C@](C)(O)CC4)c([N+](=O)[O-])c3)c(Oc3cnc4[nH]ccc4c3)c2)ccc1N1CCC[C@@H]1c1ccccc1C1CCN(C(=O)CN(C)C)CC1,,,raw,,mutation,CN(C)CC(=O)N1CCC(c2ccccc2[C@H]2CCCN2c2ccc(-c3ccc(C(=O)NS(=O)(=O)c4ccc(NC[C@H]5CC[C@](C)(O)CC5)c([N+](=O)[O-])c4)c(Oc4cnc5[nH]ccc5c4)c3)cc2)CC1,2
027fa61f,mutant_62,[C-][N+](=O)c1cc(S(=O)(=O)NC(=O)c2ccc(N3CCC4(CC3)CC(N3CCC[C@H]3c3ccccc3C(C)C)C4)cc2Oc2cnc3[nH]ccc3c2)ccc1NC[C@H]1CC[C@](C)(OC)CC1,,,raw,,mutation,CO[C@]1(C)CC[C@@H](CNc2ccc(S(=O)(=O)NC(=O)c3ccc(N4CCC5(CC4)CC(N4CCC[C@H]4c4ccccc4C(C)C)C5)cc3Oc3cnc4[nH]ccc4c3)cc2[N+](=O)[O-])CC1,2
a794fe4f,mutant_63,CC(C)c1ccccc1[C@@H]1CN(C)CCN1C1CC2(CCN(c3ccc(C(=O)NS(=O)(=O)c4ccc(NCC5CC[C]CC5)c([N+](=O)[O-])c4)c(Oc4cnc5[nH]ccc5c4)c3)CC2)C1,,,raw,,mutation,CC(C)c1ccccc1[C@@H]1CN(C)CCN1C1CC2(CCN(c3ccc(C(=O)NS(=O)(=O)c4ccc(NC[C@H]5CC[C@](C)(O)CC5)c([N+](=O)[O-])c4)c(Oc4cnc5[nH]ccc5c4)c3)CC2)C1,2
4e0f696c,mutant_64,CN1CCN(C2CC3(CCN(c4ccc(C(=O)NS(=O)(=O)c5ccc(NC[C@H]6CC[C@](O)CC6)c([N+](=O)[O-])c5)c(Oc5cnc6[nH]ccc6c5)c4)CC3)C2)[C@@H](c2ccccc2C2CN2)C1,,,raw,,mutation,CN1CCN(C2CC3(CCN(c4ccc(C(=O)NS(=O)(=O)c5ccc(NC[C@H]6CC[C@](C)(O)CC6)c([N+](=O)[O-])c5)c(Oc5cnc6[nH]ccc6c5)c4)CC3)C2)[C@@H](c2ccccc2C2CC2)C1,2
d8555178,mutant_65,CNCC(=O)N1CCC(c2ccccc2[C@H]2CCCN2c2ccc(-c3ccc(C(=O)NS(=O)c4ccc(NC[C@H]5CC[C@](C)(O)CC5)c([N+](=O)[O-])c4)c(Oc4cnc5[nH]ccc5c4)c3)cc2)CC1,,,raw,,mutation,CN(C)CC(=O)N1CCC(c2ccccc2[C@H]2CCCN2c2ccc(-c3ccc(C(=O)NS(=O)(=O)c4ccc(NC[C@H]5CC[C@](C)(O)CC5)c([N+](=O)[O-])c4)c(Oc4cnc5[nH]ccc5c4)c3)cc2)CC1,2
c0e538ce,mutant_66,CCc1ccccc1[C@@H]1CCCN1C1CC2(CCN(c3ccc(C(=O)NS(=O)c4ccc(NC[C@H]5OCCOC5N)c([N+](=O)[O-])c4)c(Oc4cnc5[nH]ccc5c4)c3)CC2)C1,,,raw,,mutation,CCc1ccccc1[C@@H]1CCCN1C1CC2(CCN(c3ccc(C(=O)NS(=O)(=O)c4ccc(NC[C@@H]5COCCO5)c([N+](=O)[O-])c4)c(Oc4cnc5[nH]ccc5c4)c3)CC2)C1,2
a82e9dfb,mutant_67,O=C(NS(=O)(=O)c1ccc(NCC2CCC(O)(C(F)F)CC2)c([N+](=O)[O-])c1)c1ccc(N2CCC3(CC2)CC(N2CCC[C@H]2c2ccccc2C2CC2O)C3)cc1Oc1cnc2[nH]ccc2c1,,,raw,,mutation,O=C(NS(=O)(=O)c1ccc(NCC2CCC(O)(C(F)(F)F)CC2)c([N+](=O)[O-])c1)c1ccc(N2CCC3(CC2)CC(N2CCC[C@H]2c2ccccc2C2CC2)C3)cc1Oc1cnc2[nH]ccc2c1,2
e3c20cd5,mutant_68,Nc1ncc(Oc2cc(N3CCC4(CC3)CC(N3CCC[C@H]3c3cccnc3C3CC3)C4)ccc2C(=O)NS(=O)c2ccc(NCC3CCOCC3)c([N+](=O)[O-])c2)cc1Cl,,,raw,,mutation,Nc1ncc(Oc2cc(N3CCC4(CC3)CC(N3CCC[C@H]3c3ccccc3C3CC3)C4)ccc2C(=O)NS(=O)(=O)c2ccc(NCC3CCOCC3)c([N+](=O)[O-])c2)cc1Cl,2
b8d0aede,mutant_69,CNCCC(=O)N1CCC(c2ccccc2[C@H]2CCCN2c2ccc(-c3ccc(C(=O)NS(=O)(=O)c4ccc(NC[C@H]5CC[C@](C)(O)CC5)c([N+](=O)[O-])c4)c(Oc4cnc5[nH]cc(C)c5c4)c3)cc2)CC1,,,raw,,mutation,CN(C)CCC(=O)N1CCC(c2ccccc2[C@H]2CCCN2c2ccc(-c3ccc(C(=O)NS(=O)(=O)c4ccc(NC[C@H]5CC[C@](C)(O)CC5)c([N+](=O)[O-])c4)c(Oc4cnc5[nH]ccc5c4)c3)cc2)CC1,2
b0e95816,mutant_70,CN(CC1CCOCC1)C(=O)Nc1ccc(S(=O)NC(=O)c2ccc(N3CCC4(CC3)CC(N3CCC[C@H]3c3ccccc3C3CC3)C4)cc2Oc2cc3cc[nH]c3nc#2)cc1[N+](=O)[O-],,,raw,,mutation,CN(CC1CCOCC1)C(=O)Nc1ccc(S(=O)(=O)NC(=O)c2ccc(N3CCC4(CC3)CC(N3CCC[C@H]3c3ccccc3C3CC3)C4)cc2Oc2cnc3[nH]ccc3c2)cc1[N+](=O)[O-],2
e2e5ea3e,mutant_71,CN(C)CCOC1CC2c3ccccc3C3(CC3)C1N2C1CC2(CC3C(C2)N3c2ccc(C(=O)NS(=O)(=O)c3ccc(NCC4CCOCC4)c([N+](=O)[O-])c3)c(Oc3cnc4[nH]ccc4c3)c2)C1,,,raw,,mutation,CN(C)CCOC1CC(c2ccccc2C2CC2)N(C2CC3(CCN(c4ccc(C(=O)NS(=O)(=O)c5ccc(NCC6CCOCC6)c([N+](=O)[O-])c5)c(Oc5cnc6[nH]ccc6c5)c4)CC3)C2)C1,2
3a082134,mutant_72,CN1CCN(C2CC3(CCN(c4ccc(C(=O)NS(=O)(=O)c5ccc(NC[C@H]6CC[C@](C)CC6)c([N+](=O)[O-])c5)c(Oc5cnc6[nH]ccc6c5)c4)CC3)C2)[C@H](c2ccccc2C2CC2)C1,,,raw,,mutation,CN1CCN(C2CC3(CCN(c4ccc(C(=O)NS(=O)(=O)c5ccc(NC[C@H]6CC[C@](C)(O)CC6)c([N+](=O)[O-])c5)c(Oc5cnc6[nH]ccc6c5)c4)CC3)C2)[C@H](c2ccccc2C2CC2)C1,2
f6e20900,mutant_73,CC(C)c1ccccc1[C@@H]1CNCCN1C1CC2(CCN(c3ccc(C(=O)NS(=O)c4ccc(NC[C@H]5CC[C@](C)(O)CC5)c([N+](=O)[O-])c4)c(Oc4cnc5[nH]ccc5c4)c3)CC2)C1,,,raw,,mutation,CC(C)c1ccccc1[C@@H]1CN(C)CCN1C1CC2(CCN(c3ccc(C(=O)NS(=O)(=O)c4ccc(NC[C@H]5CC[C@](C)(O)CC5)c([N+](=O)[O-])c4)c(Oc4cnc5[nH]ccc5c4)c3)CC2)C1,2
660443cb,mutant_74,CO[C@]1(C)CC[C@@H](CNc2ccc(S(=O)(=O)NCc3ccc(N4CCC5(CC4)CC(N4CCC[C@H]4c4ccccc4C(C)C)C5)cc3Oc3cnc4[nH]ccc4c3)cc2[N+]=O)CC1,,,raw,,mutation,CO[C@]1(C)CC[C@@H](CNc2ccc(S(=O)(=O)NC(=O)c3ccc(N4CCC5(CC4)CC(N4CCC[C@H]4c4ccccc4C(C)C)C5)cc3Oc3cnc4[nH]ccc4c3)cc2[N+](=O)[O-])CC1,2
a0cc998c,mutant_75,CC(C)c1ccccc1[C@@H]1CN(C)CCN1C1CC2(CCN(c3ccc(C(=O)NS(=O)(=O)c4ccc(NC[C@H]5CC[C@](C)(O)CC5)c([N+](=O)[O-])c4O)c(Oc4cnc5[nH]ccc5n4)c3)CC2)C1,,,raw,,mutation,CC(C)c1ccccc1[C@@H]1CN(C)CCN1C1CC2(CCN(c3ccc(C(=O)NS(=O)(=O)c4ccc(NC[C@H]5CC[C@](C)(O)CC5)c([N+](=O)[O-])c4)c(Oc4cnc5[nH]ccc5c4)c3)CC2)C1,2
9a59f808,mutant_76,CN(C)CC(=O)N1CCC(c2ccccc2[C@H]2C3CCN2c2ccc(cc2)-c2ccc(c(Oc4cnc5[nH]ccc5c4)c2)C(=O)NS(=O)c2ccc(c([N+](=O)[O-])c2)NC[C@H]2CC[C@](C)(O)C3C2)CC1,,,raw,,mutation,CN(C)CC(=O)N1CCC(c2ccccc2[C@H]2CCCN2c2ccc(-c3ccc(C(=O)NS(=O)(=O)c4ccc(NC[C@H]5CC[C@](C)(O)CC5)c([N+](=O)[O-])c4)c(Oc4cnc5[nH]ccc5c4)c3)cc2)CC1,2
6609b175,mutant_77,C[C@]1(O)CC[C@H](CNc2ccc(S(=O)(=O)NC(=O)c3ccc(-c4ccc(N5CCC[C@@H]5c5ccccc5C5CCN(C(=O)CN)CC5)cc4)cc3Oc3cnc4[nH]ccc4c3)cc2[N+](=O)[O-])CC1,,,raw,,mutation,CNCC(=O)N1CCC(c2ccccc2[C@H]2CCCN2c2ccc(-c3ccc(C(=O)NS(=O)(=O)c4ccc(NC[C@H]5CC[C@](C)(O)CC5)c([N+](=O)[O-])c4)c(Oc4cnc5[nH]ccc5c4)c3)cc2)CC1,2
ab97e72e,mutant_78,C[C]1CC[C@@H]2CNc3ccc(cc3[N+](=O)[O-])S(=O)(=O)NC(=O)c3ccc(-c4ccc(N5CCC[C@@H]5c5ccccc5C5CCN(C(=O)CCN(C)C)CC5)cc4)cc3Oc3cnc4[nH]ccc4c3C2C1,,,raw,,mutation,CN(C)CCC(=O)N1CCC(c2ccccc2[C@H]2CCCN2c2ccc(-c3ccc(C(=O)NS(=O)(=O)c4ccc(NC[C@H]5CC[C@](C)(O)CC5)c([N+](=O)[O-])c4)c(Oc4cnc5[nH]ccc5c4)c3)cc2)CC1,2
bcd31900,mutant_79,C[C@]1(O)CC[C@H](CNc2cc3c(cc2[N+](=O)[O-])S(=O)NC(=O)c2ccc(cc2Oc2cnc4[nH]ccc4c2)-c2ccc(cc2)N2CCC[C@@H]2c2ccccc2C2=CCN(CC2)C3)CC1,,,raw,,mutation,CN1CC=C(c2ccccc2[C@H]2CCCN2c2ccc(-c3ccc(C(=O)NS(=O)(=O)c4ccc(NC[C@H]5CC[C@](C)(O)CC5)c([N+](=O)[O-])c4)c(Oc4cnc5[nH]ccc5c4)c3)cc2)CC1,2
0ea3039d,mutant_80,O=C(NS(=O)c1ccc(NC[C@@H]2COCCO2)c([N+](=O)[O-])c1)c1ccc(N2CCC3(CC2)CC(N2CCC[C@H]2c2ccccc2C2CC2)C3)cc1Oc1cnc2[nH]ccc2c1,,,raw,,mutation,O=C(NS(=O)(=O)c1ccc(NC[C@@H]2COCCO2)c([N+](=O)[O-])c1)c1ccc(N2CCC3(CC2)CC(N2CCC[C@H]2c2ccccc2C2CC2)C3)cc1Oc1cnc2[nH]ccc2c1,2
9cceeee0,mutant_81,CN(C)CCOC1CC(c2ccccc2C2CC2)N(C2CC3(CCN(c4ccc(CNS(=O)(=O)C5=CC=S(NCC6CCOCC6)C([N+](=O)[O-])=C5)c(Oc5cnc6[nH]ccc6c5)c4)CC3)C2)C1,,,raw,,mutation,CN(C)CCOC1CC(c2ccccc2C2CC2)N(C2CC3(CCN(c4ccc(C(=O)NS(=O)(=O)c5ccc(NCC6CCOCC6)c([N+](=O)[O-])c5)c(Oc5cnc6[nH]ccc6c5)c4)CC3)C2)C1,2
ed6f267b,mutant_82,CC1(C)CC(CNc2ccc(S(=O)(=S)NC(=O)c3ccc(N4CCC5(CC4)CC(N4CCC[C@H]4c4ccccc4C4CC4)C5)cc3Oc3cnc4[nH]ccc4c3)cc2[N+](=O)[O-])CCO1,,,raw,,mutation,CC1(C)CC(CNc2ccc(S(=O)(=O)NC(=O)c3ccc(N4CCC5(CC4)CC(N4CCC[C@H]4c4ccccc4C4CC4)C5)cc3Oc3cnc4[nH]ccc4c3)cc2[N+](=O)[O-])CCO1,2
ed29ab01,mutant_83,CN(C)CCOC1CC(c2ccccc2C2CC2)N(C2CC3(CCN(c4ccc(C(=O)NS(=O)c5ccc(NCC6CCOCC6)c([N+](=O)[O-])c5)c(Oc5cnc6[nH]ccc6c5)c4)CC3)C2)C1,,,raw,,mutation,CN(C)CCOC1CC(c2ccccc2C2CC2)N(C2CC3(CCN(c4ccc(C(=O)NS(=O)(=O)c5ccc(NCC6CCOCC6)c([N+](=O)[O-])c5)c(Oc5cnc6[nH]ccc6c5)c4)CC3)C2)C1,2
8e2952a6,mutant_84,CN1CC=C(c2ccccc2[C@H]2CCCN2c2ccc(-c3ccc(C(=O)NS(=O)(=O)c4cc([N+][O-])c(NCC5(F)CCN(C6COC6)CC5)cc4N)c(Oc4cnc5[nH]ccc5c4)c3)cc2)CC1,,,raw,,mutation,CN1CC=C(c2ccccc2[C@H]2CCCN2c2ccc(-c3ccc(C(=O)NS(=O)(=O)c4ccc(NCC5(F)CCN(C6COC6)CC5)c([N+](=O)[O-])c4)c(Oc4cnc5[nH]ccc5c4)c3)cc2)CC1,2
a5a01305,mutant_85,O=C(NS(=O)(=O)c1ccc(NCC2CCOCC2)c([N+](=O)[O-])c1)c1ccc(N2CCC3(CC2)CC(N2CCC[C@H]2c2cccc4c2C42CC2)C3)cc1Oc1cnc(F)c(Cl)c1,,,raw,,mutation,Nc1ncc(Oc2cc(N3CCC4(CC3)CC(N3CCC[C@H]3c3ccccc3C3CC3)C4)ccc2C(=O)NS(=O)(=O)c2ccc(NCC3CCOCC3)c([N+](=O)[O-])c2)cc1Cl,2
3c5cee40,mutant_86,CN1CC(=O)N2CCC(CC2)c2ccccc2[C@H]2CCCN2c2ccc(cc2)-c2ccc(c(Oc3cnc4[nH]ccc4c3)c2)C(=O)NS(=O)(=O)c2ccc(c([N+](=O)[O-])c2)NC[C@@H]2CC[C@@](C)(O)CC21C,,,raw,,mutation,CNCC(=O)N1CCC(c2ccccc2[C@H]2CCCN2c2ccc(-c3ccc(C(=O)NS(=O)(=O)c4ccc(NC[C@H]5CC[C@](C)(O)CC5)c([N+](=O)[O-])c4)c(Oc4cnc5[nH]ccc5c4)c3)cc2)CC1,2
7ab35771,mutant_87,CC1Cc2nc3[nH]ccc3cc2Oc2cc(ccc2C(=O)NS(=O)(=O)c2ccc(NC[C@H]3CC[C@@](O)(C(F)F)CC3)c([N+](=O)[O-])c2)N2CCC3(CC2)CC(C3)N2CCC[C@@H]2c2ccccc21,,,raw,,mutation,CC(C)c1ccccc1[C@H]1CCCN1C1CC2(CCN(c3ccc(C(=O)NS(=O)(=O)c4ccc(NC[C@H]5CC[C@@](O)(C(F)(F)F)CC5)c([N+](=O)[O-])c4)c(Oc4cnc5[nH]ccc5c4)c3)CC2)C1,2
94699ff0,mutant_88,CN(CC1C#COCC1)C(=O)Nc1ccc(S(=O)(=O)NC(=O)c2ccc(N3CCC4(CC3)CC(N3CCC[C@H]3c3cc(Cl)ccc3C3CC3)C4)cc2Oc2cnc3[nH]ccc3c2)cc1[N+](=O)[O-],,,raw,,mutation,CN(CC1CCOCC1)C(=O)Nc1ccc(S(=O)(=O)NC(=O)c2ccc(N3CCC4(CC3)CC(N3CCC[C@H]3c3ccccc3C3CC3)C4)cc2Oc2cnc3[nH]ccc3c2)cc1[N+](=O)[O-],2
c2e29192,mutant_89,CNCC(=O)N1CCC(c2ccccc2[C@H]2CCCN2c2ccc(-c3ccc(C(=S)NS(=O)(=O)c4ccc(NC[C@H]5CC[C@](C)(O)CC5)c([N+](=O)[O-])c4)c(Oc4cnc5[nH]ccc5c4)c3)cc2)C(O)C1,,,raw,,mutation,CNCC(=O)N1CCC(c2ccccc2[C@H]2CCCN2c2ccc(-c3ccc(C(=O)NS(=O)(=O)c4ccc(NC[C@H]5CC[C@](C)(O)CC5)c([N+](=O)[O-])c4)c(Oc4cnc5[nH]ccc5c4)c3)cc2)CC1,2
ae8ee6d8,mutant_90,CN(C)CCC(=O)N1CCC(c2ccccc2[C@H]2CCCN2c2ccc(-c3ccc(C(=O)NS(=O)(=O)c4ccc(NC[C@H]5CC[C@](C)(O)CC5)c([N+](=O)[O-])c4)c(Oc4cnc5[nH]ccc5c4)c3)cc2)CC1,,,raw,,mutation,CN(C)CCC(=O)N1CCC(c2ccccc2[C@H]2CCCN2c2ccc(-c3ccc(C(=O)NS(=O)(=O)c4ccc(NC[C@H]5CC[C@](C)(O)CC5)c([N+](=O)[O-])c4)c(Oc4cnc5[nH]ccc5c4)c3)cc2)CC1,2
d5a6ad98,mutant_91,CC1(C)CC(CNc2ccc(S(=O)(=O)NCc3ccc(N4CCC5(CC4)CC(N4CCC[C@H]4c4ccccc4C4CC4)C5)cc3Oc3cnc4[nH]ccc4c3)cc2[N+](=O)[O-])CCO1,,,raw,,mutation,CC1(C)CC(CNc2ccc(S(=O)(=O)NC(=O)c3ccc(N4CCC5(CC4)CC(N4CCC[C@H]4c4ccccc4C4CC4)C5)cc3Oc3cnc4[nH]ccc4c3)cc2[N+](=O)[O-])CCO1,2
c0959511,mutant_92,CCc1ccccc1[C@@H]1CCCN1C1=CC2(CCN(c3ccc(C(=O)NS(=O)(=O)c4ccc(NCC5CCOCC5)c([N+](=O)[O-])c4)c(OC4=CN=C5NC=CS5=C4)c3)CC2)C1,,,raw,,mutation,CCc1ccccc1[C@@H]1CCCN1C1CC2(CCN(c3ccc(C(=O)NS(=O)(=O)c4ccc(NCC5CCOCC5)c([N+](=O)[O-])c4)c(Oc4cnc5[nH]ccc5c4)c3)CC2)C1,2
a3604b03,mutant_93,CNCC(=O)N1CCC(c2ccccc2[C@H]2CCCN2c2ccc(-c3ccc(C(=O)NS(=O)c4ccc(NC[C@H]5CC[C@](C)(O)CC5C)c([N+](=O)[O-])c4)c(Oc4cnc5[nH]ccc5c4)c3)cc2)CC1,,,raw,,mutation,CNCC(=O)N1CCC(c2ccccc2[C@H]2CCCN2c2ccc(-c3ccc(C(=O)NS(=O)(=O)c4ccc(NC[C@H]5CC[C@](C)(O)CC5)c([N+](=O)[O-])c4)c(Oc4cnc5[nH]ccc5c4)c3)cc2)CC1,2
31e94557,mutant_94,CN1CC=C(c2ccccc2[C@H]2CCCN2c2cc#c(-c3ccc(C(=O)NS(=O)(=O)c4ccc(NC[C@H]5CC[C@](C)(O)CC5)c([N+](=O)[O-])c4F)c(Oc4cnc5[nH]ccc5c4)c3)cc2)CC1,,,raw,,mutation,CN1CC=C(c2ccccc2[C@H]2CCCN2c2ccc(-c3ccc(C(=O)NS(=O)(=O)c4ccc(NC[C@H]5CC[C@](C)(O)CC5)c([N+](=O)[O-])c4)c(Oc4cnc5[nH]ccc5c4)c3)cc2)CC1,2
fbb6f091,mutant_95,CO[C@]1CC[C@@H](CNc2ccc(S(=O)NC(=O)c3ccc(N4CCC5(CC4)CC(N4CCC[C@H]4c4ccccc4C(C)C)C5)cc3Oc3cnc4[nH]ccc4c3)cc2[N+](=O)[O-])CC1,,,raw,,mutation,CO[C@]1(C)CC[C@@H](CNc2ccc(S(=O)(=O)NC(=O)c3ccc(N4CCC5(CC4)CC(N4CCC[C@H]4c4ccccc4C(C)C)C5)cc3Oc3cnc4[nH]ccc4c3)cc2[N+](=O)[O-])CC1,2
096772cd,mutant_96,COC1OCCO[C@@H]1CNc1ccc(S(=O)(=O)NCc2ccc(N3CCC4(CC3)CC(N3CCC[C@H]3c3ccccc3C3CC3)C4)cc2Oc2cnc3[nH]ccc3c2)cc1[N+](=O)[O-],,,raw,,mutation,O=C(NS(=O)(=O)c1ccc(NC[C@@H]2COCCO2)c([N+](=O)[O-])c1)c1ccc(N2CCC3(CC2)CC(N2CCC[C@H]2c2ccccc2C2CC2)C3)cc1Oc1cnc2[nH]ccc2c1,2
040ddc36,mutant_97,NCN1CC=C(c2ccccc2[C@H]2CCCN2c2ccc(-c3cc4c(c(Oc5cnc6[nH]ccc6c5)c3)C(=O)NS(=O)(=O)c3ccc(c([N+](=O)[O-])c3)NC[C@H]3CC[C@](O)(CC3)C4)cc2)CC1,,,raw,,mutation,CN1CC=C(c2ccccc2[C@H]2CCCN2c2ccc(-c3ccc(C(=O)NS(=O)(=O)c4ccc(NC[C@H]5CC[C@](C)(O)CC5)c([N+](=O)[O-])c4)c(Oc4cnc5[nH]ccc5c4)c3)cc2)CC1,2
6218596f,mutant_98,CN(C)CCCN1CCC(c2ccccc2[C@H]2CCCN2c2ccc(-c3ccc(C(=O)NS(=O)(=O)c4ccc(NC[C@H]5CC[C@](N)(O)CC5)c([N+](=O)[O-])c4)c(Oc4cnc5[nH]ccc5c4)c3)cc2)CC1,,,raw,,mutation,CN(C)CCC(=O)N1CCC(c2ccccc2[C@H]2CCCN2c2ccc(-c3ccc(C(=O)NS(=O)(=O)c4ccc(NC[C@H]5CC[C@](C)(O)CC5)c([N+](=O)[O-])c4)c(Oc4cnc5[nH]ccc5c4)c3)cc2)CC1,2
f03be57c,mutant_99,O=C(NS(=O)(=O)c1ccc(NCC2CCC(O)(C(F)(F)F)CC2)c([N+](=O)[O-])c1)c1ccc(N2CCC34CC(C3)N3C=CC[C@H]3c3ccc(cc3C3CC3)C4C2)cc1Oc1cnc2[nH]ccc2c1,,,raw,,mutation,O=C(NS(=O)(=O)c1ccc(NCC2CCC(O)(C(F)(F)F)CC2)c([N+](=O)[O-])c1)c1ccc(N2CCC3(CC2)CC(N2CCC[C@H]2c2ccccc2C2CC2)C3)cc1Oc1cnc2[nH]ccc2c1,2
780cf486,mutant_100,CN(C)CCOC12CC(c3ccccc3C3CC3)N(N1)C1CC3(CCN(CC3)c3ccc(C(=O)NS(=O)(=O)c4ccc(NCC5CCOCC5)c([N+](=O)[O-])c4)c(c3)Oc3cnc4[nH]cc2c4c3)C1,,,raw,,mutation,CN(C)CCOC1CC(c2ccccc2C2CC2)N(C2CC3(CCN(c4ccc(C(=O)NS(=O)(=O)c5ccc(NCC6CCOCC6)c([N+](=O)[O-])c5)c(Oc5cnc6[nH]ccc6c5)c4)CC3)C2)C1,2
3d5c6758,mutant_101,O=C(NS(=O)c1ccc(NCC2CCC(C(F)(F)F)CC2)c([N+](=O)[O-])c1)c1ccc(N2CCC3(CC2)CC(N2CCC[C@H]2c2ccccc2C2CC2)C3)cc1Oc1cnc2[nH]ccc2c1,,,raw,,mutation,O=C(NS(=O)(=O)c1ccc(NCC2CCC(O)(C(F)(F)F)CC2)c([N+](=O)[O-])c1)c1ccc(N2CCC3(CC2)CC(N2CCC[C@H]2c2ccccc2C2CC2)C3)cc1Oc1cnc2[nH]ccc2c1,2
7ba93c4d,mutant_102,CCc1ccccc1[C@@H]1CCCN1C1CC2(CCN(c3ccc(C(=O)NS(=O)(=O)c4ccc(NC[C@@H]5COCCO5)c([N+](=O)[O-])c4)c(Oc4cnc5[nH]ccc5c4)c3)CC2)C1,,,raw,,mutation,CCc1ccccc1[C@@H]1CCCN1C1CC2(CCN(c3ccc(C(=O)NS(=O)(=O)c4ccc(NC[C@@H]5COCCO5)c([N+](=O)[O-])c4)c(Oc4cnc5[nH]ccc5c4)c3)CC2)C1,2
da6ffa85,mutant_103,Nc1ncc(Oc2cc([SH]3CCC4(CC3)CC(N3CCC[C@H]3c3ccccc3C3CC3)C4)ccc2C(=O)NS(=O)(=O)c2ccc(NCC3CCOCC3)c([N+][O-])c2)cc1Cl,,,raw,,mutation,Nc1ncc(Oc2cc(N3CCC4(CC3)CC(N3CCC[C@H]3c3ccccc3C3CC3)C4)ccc2C(=O)NS(=O)(=O)c2ccc(NCC3CCOCC3)c([N+](=O)[O-])c2)cc1Cl,2
d67ed23a,mutant_104,CN1CC2c3c(cnc4[nH]ccc34)Oc3cc(ccc3C(=O)NS(=O)(=O)c3ccc(NC[C@H]4CC[C@](C)(O)CC4)c([N+]=O)c3)N3CCC4(CC3)CC(C4)N2[C@H](c2ccccc2C2CC2)C1,,,raw,,mutation,CN1CCN(C2CC3(CCN(c4ccc(C(=O)NS(=O)(=O)c5ccc(NC[C@H]6CC[C@](C)(O)CC6)c([N+](=O)[O-])c5)c(Oc5cnc6[nH]ccc6c5)c4)CC3)C2)[C@H](c2ccccc2C2CC2)C1,2
95106790,mutant_105,Nc1ncc(Oc2cc(N3CCC4(CC3)CC(N3CCC(Cl)[C@H]3c3ccccc3C3CC3)C4)ccc2C(=O)NS(=O)(=O)c2ccc(NC3C4CCOCC43)c([N+](=O)[O-])c2)cc1Cl,,,raw,,mutation,Nc1ncc(Oc2cc(N3CCC4(CC3)CC(N3CCC[C@H]3c3ccccc3C3CC3)C4)ccc2C(=O)NS(=O)(=O)c2ccc(NCC3CCOCC3)c([N+](=O)[O-])c2)cc1Cl,2
af77e06a,mutant_106,CN(C)CCC(=O)N1CCC(c2ccccc2[C@H]2CCCN2c2ccc(-c3ccc(C(=O)NS(=O)(=O)S4=CC=C(NC[C@H]5CC[C@](C)CC5)C([N+](=O)[O-])=C4)c(Oc4cnc5[nH]ccc5c4)c3)cc2)CC1,,,raw,,mutation,CN(C)CCC(=O)N1CCC(c2ccccc2[C@H]2CCCN2c2ccc(-c3ccc(C(=O)NS(=O)(=O)c4ccc(NC[C@H]5CC[C@](C)(O)CC5)c([N+](=O)[O-])c4)c(Oc4cnc5[nH]ccc5c4)c3)cc2)CC1,2
46273a84,mutant_107,CCc1ccccc1[C@@H]1CN(C)CCN1C1CC2(CCN(c3ccc(C(=O)NS(=O)c4ccc(NC[C@H]5CC[C@](C)(O)CC5)c([N+](=O)[O-])c4)c(Oc4cnc5[nH]ccc5c4)c3)CC2)C1,,,raw,,mutation,CC(C)c1ccccc1[C@@H]1CN(C)CCN1C1CC2(CCN(c3ccc(C(=O)NS(=O)(=O)c4ccc(NC[C@H]5CC[C@](C)(O)CC5)c([N+](=O)[O-])c4)c(Oc4cnc5[nH]ccc5c4)c3)CC2)C1,2
dcee859c,mutant_108,CC1C[C@@H](c2ccccc2C2CC2)N(C2CC3(CCN(c4ccc(C(=O)NS(=O)(=O)c5ccc(NC[C@@H]6COCCO6)c([N+](=O)[O-])c5)c(Oc5cnc6[nH]ccc6c5)c4)CC3)C2)C1,,,raw,,mutation,O=C(NS(=O)(=O)c1ccc(NC[C@@H]2COCCO2)c([N+](=O)[O-])c1)c1ccc(N2CCC3(CC2)CC(N2CCC[C@H]2c2ccccc2C2CC2)C3)cc1Oc1cnc2[nH]ccc2c1,2
ba88f4cf,mutant_109,CN1CCN(C2CC3(CCN(c4cc(Oc5cnc6[nH]ccc6c5)c(C(=O)NS(=O)(=O)c5ccc(NC[C@H]6CC[C@](C)(O)CC6)c([N+](=O)[O-])c5)cc#4)CC3)C2)[C@H](c2ccccc2C2CC2)C1,,,raw,,mutation,CN1CCN(C2CC3(CCN(c4ccc(C(=O)NS(=O)(=O)c5ccc(NC[C@H]6CC[C@](C)(O)CC6)c([N+](=O)[O-])c5)c(Oc5cnc6[nH]ccc6c5)c4)CC3)C2)[C@H](c2ccccc2C2CC2)C1,2
244bc010,mutant_110,CN(C)CCC(=O)N1CCC(c2ccccc2[C@H]2CCCN2c2ccc(-c3ccc(C(=O)NS(=O)(=O)c4ccc(NC[C@H]5CC[C@](C)(O)CC5)c([N+]=O)c4)c(Oc4cnc5[nH]ccc5c4)c3)cc2)C(O)C1,,,raw,,mutation,CN(C)CCC(=O)N1CCC(c2ccccc2[C@H]2CCCN2c2ccc(-c3ccc(C(=O)NS(=O)(=O)c4ccc(NC[C@H]5CC[C@](C)(O)CC5)c([N+](=O)[O-])c4)c(Oc4cnc5[nH]ccc5c4)c3)cc2)CC1,2
ab098ce1,mutant_111,CNCC(=O)N1CCC(c2ccccc2[C@H]2CCCN2c2ccc(-c3ccc(C(=O)NS(=O)(=O)c4ccc(NC[C@H]5CC[C@](C)(O)CC5)c([N+](=O)[O-])c4)c(Oc4cc5cc[nH]c5n#c4C)c3)cc2)CC1,,,raw,,mutation,CNCC(=O)N1CCC(c2ccccc2[C@H]2CCCN2c2ccc(-c3ccc(C(=O)NS(=O)(=O)c4ccc(NC[C@H]5CC[C@](C)(O)CC5)c([N+](=O)[O-])c4)c(Oc4cnc5[nH]ccc5c4)c3)cc2)CC1,2
f6927df3,mutant_112,CN1CC=C(c2ccccc2[C@H]2CCCN2c2ccc(-c3ccc(C(=O)NS(=O)(=O)c4ccc(NC[C@H]5CC[C@](C)(O)CC5)c([N+](=O)[O-])c4)c(Oc4cnc5[nH]ccc5c4)c3)cc2)CC1,,,raw,,mutation,CN1CC=C(c2ccccc2[C@H]2CCCN2c2ccc(-c3ccc(C(=O)NS(=O)(=O)c4ccc(NC[C@H]5CC[C@](C)(O)CC5)c([N+](=O)[O-])c4)c(Oc4cnc5[nH]ccc5c4)c3)cc2)CC1,2
32eb5f24,mutant_113,CN1CCN(C2=CC3(CCN(c4ccc(C(=O)NS(=O)(=O)c5ccc(NC[C@H]6CC[C@](C)(O)CC6)c([N+](=O)[O-])c5)c(Oc5cc6cc7[nH]c6nc57)c4)CC3)C2)[C@@H](c2ccccc2C2CC2)C1,,,raw,,mutation,CN1CCN(C2CC3(CCN(c4ccc(C(=O)NS(=O)(=O)c5ccc(NC[C@H]6CC[C@](C)(O)CC6)c([N+](=O)[O-])c5)c(Oc5cnc6[nH]ccc6c5)c4)CC3)C2)[C@@H](c2ccccc2C2CC2)C1,2
4f9cc1b7,mutant_114,CN(CC1CCOCC1)C(=O)Nc1ccc(S(=O)(=O)NCc2ccc3cc2Oc2cc4cc[nH]c4nc2-c2cccc(c2C2CC2)[C@@H]2CCCN2C2CC4(CCN3CC4)C2)cc1[N+](=O)[O-],,,raw,,mutation,CN(CC1CCOCC1)C(=O)Nc1ccc(S(=O)(=O)NC(=O)c2ccc(N3CCC4(CC3)CC(N3CCC[C@H]3c3ccccc3C3CC3)C4)cc2Oc2cnc3[nH]ccc3c2)cc1[N+](=O)[O-],2
6839e705,mutant_115,CN1CC=C(c2ccccc2[C@H]2CCCN2c2ccc(-c3ccc(CNS(=O)(=O)c4ccc(NCC5(F)CCN(C6COC6)CC5)c([N+]=O)c4)c(Oc4cnc5[nH]ccc5c4)c3)cc2)CC1,,,raw,,mutation,CN1CC=C(c2ccccc2[C@H]2CCCN2c2ccc(-c3ccc(C(=O)NS(=O)(=O)c4ccc(NCC5(F)CCN(C6COC6)CC5)c([N+](=O)[O-])c4)c(Oc4cnc5[nH]ccc5c4)c3)cc2)CC1,2
b8cabafb,mutant_116,CC1(C)CC(CNc2ccc(S(=O)(=O)NC(=O)c3cc(Cl)c(N4CCC5(CC4)CC(N4C(O)CC[C@H]4c4ccccc4C4CC4)C5)cc3Oc3cnc4[nH]ccc4c3)cc2[N+](=O)[O-])CCO1,,,raw,,mutation,CC1(C)CC(CNc2ccc(S(=O)(=O)NC(=O)c3ccc(N4CCC5(CC4)CC(N4CCC[C@H]4c4ccccc4C4CC4)C5)cc3Oc3cnc4[nH]ccc4c3)cc2[N+](=O)[O-])CCO1,2
ee8931ff,mutant_117,CC(C)c1c2cccc1[C@@H]1C2CCN1C1CC2(CCN(c3ccc(C(=O)NS(=O)(=O)c4ccc(NC[C@@H]5CC[C@](O)(C(F)(F)F)CC5F)c([N+](=O)[O-])c4)c(Oc4cnc5[nH]ccc5c4)c3)CC2)C1,,,raw,,mutation,CC(C)c1ccccc1[C@@H]1CCCN1C1CC2(CCN(c3ccc(C(=O)NS(=O)(=O)c4ccc(NC[C@H]5CC[C@@](O)(C(F)(F)F)CC5)c([N+](=O)[O-])c4)c(Oc4cnc5[nH]ccc5c4)c3)CC2)C1,2
17928f65,mutant_118,O=C(NS(=O)(=O)c1ccc(NCC2CCC(O)(C(F)F)CC2)c([N+](=O)[O-])c1)c1ccc(N2CCC3(CC2)CC(N2CCC[C@H]2c2ccccc2C2CC2)C3)cc1Oc1cnc2[nH]ccc2c1,,,raw,,mutation,O=C(NS(=O)(=O)c1ccc(NCC2CCC(O)(C(F)(F)F)CC2)c([N+](=O)[O-])c1)c1ccc(N2CCC3(CC2)CC(N2CCC[C@H]2c2ccccc2C2CC2)C3)cc1Oc1cnc2[nH]ccc2c1,2
b06b0085,mutant_119,CNCC(=O)N1CCC(c2ccccc2[C@H]2CCCN2c2ccc(-c3ccc(C(=O)NS(=O)c4ccc(NC[C@H]5CC[C@](C)(O)CC5)c([N+][O-])c4)c(Oc4cnc5[nH]ccc5c4)c3)cc2)CC1,,,raw,,mutation,CNCC(=O)N1CCC(c2ccccc2[C@H]2CCCN2c2ccc(-c3ccc(C(=O)NS(=O)(=O)c4ccc(NC[C@H]5CC[C@](C)(O)CC5)c([N+](=O)[O-])c4)c(Oc4cnc5[nH]ccc5c4)c3)cc2)CC1,2
ac6fb56a,mutant_120,C[C@]1(O)CC[C@H](CNc2ccc(S(=O)(=O)NC(=O)c3ccc(N4CCC5(CC4)CC(N4CCNC[C@@H]4c4ccccc4C4CC4)C5)cc3Oc3cnc4[nH]ccc4c3)cc2[N+][O-])CC1,,,raw,,mutation,CN1CCN(C2CC3(CCN(c4ccc(C(=O)NS(=O)(=O)c5ccc(NC[C@H]6CC[C@](C)(O)CC6)c([N+](=O)[O-])c5)c(Oc5cnc6[nH]ccc6c5)c4)CC3)C2)[C@@H](c2ccccc2C2CC2)C1,2
c2de97e1,mutant_121,CN1CC=C(c2ccccc2[C@H]2CCCN2c2ccc(-c3ccc(CNS(=O)(=O)c4ccc(NCC5(F)CCN(C6COC6)CC5)c([N+](=O)[O-])c4)c(Oc4cnc5[nH]ccc5c4)c3O)cc2)CC1,,,raw,,mutation,CN1CC=C(c2ccccc2[C@H]2CCCN2c2ccc(-c3ccc(C(=O)NS(=O)(=O)c4ccc(NCC5(F)CCN(C6COC6)CC5)c([N+](=O)[O-])c4)c(Oc4cnc5[nH]ccc5c4)c3)cc2)CC1,2
350c7595,mutant_122,CCc1ccccc1[C@@H]1CN(C)CCN1C1CC2(CCN(c3ccc(C(=O)NS(=O)(=O)c4ccc(NC[C@H]5CC[C@](C)(O)CC5)c([N+][O-])c4)c(Oc4cnc5[nH]ccc5c4)c3)CC2)C1,,,raw,,mutation,CC(C)c1ccccc1[C@@H]1CN(C)CCN1C1CC2(CCN(c3ccc(C(=O)NS(=O)(=O)c4ccc(NC[C@H]5CC[C@](C)(O)CC5)c([N+](=O)[O-])c4)c(Oc4cnc5[nH]ccc5c4)c3)CC2)C1,2
137b19d8,mutant_123,CCc1cccc(C2CCN(C)CC2)c1[C@H]1CCCN1c1ccc(-c2ccc(C(=O)NS(=O)(=O)c3ccc(NCC4(F)CCN(C5COC5)CC4)c([N+](=O)[O-])c3)c(Oc3cnc4[nH]ccc4c3)c2)cc1,,,raw,,mutation,CN1CC=C(c2ccccc2[C@H]2CCCN2c2ccc(-c3ccc(C(=O)NS(=O)(=O)c4ccc(NCC5(F)CCN(C6COC6)CC5)c([N+](=O)[O-])c4)c(Oc4cnc5[nH]ccc5c4)c3)cc2)CC1,2
309b2215,mutant_124,CN(C)CCOC1CC(c2ccccc2C2CC2)N(C2CC3(CCN(c4ccc(C(=O)NS(=O)(=O)c5ccc(NCC6CCOCC6F)c([N+](=O)[O-])c5)c(Oc5cnc6[nH]ccc6c5)c4)CC3)C2)C1,,,raw,,mutation,CN(C)CCOC1CC(c2ccccc2C2CC2)N(C2CC3(CCN(c4ccc(C(=O)NS(=O)(=O)c5ccc(NCC6CCOCC6)c([N+](=O)[O-])c5)c(Oc5cnc6[nH]ccc6c5)c4)CC3)C2)C1,2
a8d08e42,mutant_125,CN1CC=C(c2ccccc2[C@H]2CCCN2c2cc#c(-c3ccc(C(=O)NS(=O)(=O)c4ccc(NOC5(F)CCN(C6COC6)CC5)c([N+](=O)[O-])c4)c(Oc4cnc5[nH]ccc5c4)c3)cc2)CC1,,,raw,,mutation,CN1CC=C(c2ccccc2[C@H]2CCCN2c2ccc(-c3ccc(C(=O)NS(=O)(=O)c4ccc(NCC5(F)CCN(C6COC6)CC5)c([N+](=O)[O-])c4)c(Oc4cnc5[nH]ccc5c4)c3)cc2)CC1,2
3a291c55,mutant_126,[C-][N+]c1cc(S(=O)(=O)NC(=O)c2ccc(N3CCC4(CC3)CC(N3CCC[C@H]3c3ccccc3C3CC3)C4)cc2Oc2cnc3[nH]ccc3c2)ccc1NCC1CCC(O)(C(F)(F)F)CC1,,,raw,,mutation,O=C(NS(=O)(=O)c1ccc(NCC2CCC(O)(C(F)(F)F)CC2)c([N+](=O)[O-])c1)c1ccc(N2CCC3(CC2)CC(N2CCC[C@H]2c2ccccc2C2CC2)C3)cc1Oc1cnc2[nH]ccc2c1,2
7c1b6974,mutant_127,CNCC(=O)N1CCC(c2cc(OC)ccc2[C@H]2CCCN2c2ccc(-c3ccc(C(=O)NS(=O)(=O)c4ccc(OC[C@H]5CC[C@](C)(O)CC5)c([N+](=O)[O-])c4)c(Oc4cnc5[nH]ccc5c4)c3)cc2)CC1,,,raw,,mutation,CNCC(=O)N1CCC(c2ccccc2[C@H]2CCCN2c2ccc(-c3ccc(C(=O)NS(=O)(=O)c4ccc(NC[C@H]5CC[C@](C)(O)CC5)c([N+](=O)[O-])c4)c(Oc4cnc5[nH]ccc5c4)c3)cc2)CC1,2
d5e0a927,mutant_128,CC(C)c1ccccc1[C@H]1CNCN1C1CC2(CCN(c3ccc(CNS(=O)(=O)c4ccc(NC[C@H]5CC[C@@](O)(C(F)(F)F)CC5)c([N+](=O)[O-])c4)c(Oc4cnc5[nH]ccc5c4)c3)CC2)C1,,,raw,,mutation,CC(C)c1ccccc1[C@H]1CCCN1C1CC2(CCN(c3ccc(C(=O)NS(=O)(=O)c4ccc(NC[C@H]5CC[C@@](O)(C(F)(F)F)CC5)c([N+](=O)[O-])c4)c(Oc4cnc5[nH]ccc5c4)c3)CC2)C1,2
49e60186,mutant_129,CN1CC=C(c2ccccc2[C@H]2CCCN2c2ccc(-c3ccc(C(=O)NS(=O)(=O)c4ccc(NC[C@H]5CC[C@](C)CC5)c([N+](=O)[O-])c4)c(Oc4cnc5[nH]ccc5c4)c3)cc2)CC1,,,raw,,mutation,CN1CC=C(c2ccccc2[C@H]2CCCN2c2ccc(-c3ccc(C(=O)NS(=O)(=O)c4ccc(NC[C@H]5CC[C@](C)(O)CC5)c([N+](=O)[O-])c4)c(Oc4cnc5[nH]ccc5c4)c3)cc2)CC1,2
c1ed59f2,mutant_130,CNCC(=O)N1CCC(c2ccccc2[C@H]2CCCN2c2ccc(-c3ccc(C(=O)NS(=O)(=O)c4ccc(N=C[C@H]5CC[C@](C)(O)CC5)c([N+](=O)[O-])c4)c(Oc4cnc5[nH]ccc5c4)c3OC)cc2)CC1,,,raw,,mutation,CNCC(=O)N1CCC(c2ccccc2[C@H]2CCCN2c2ccc(-c3ccc(C(=O)NS(=O)(=O)c4ccc(NC[C@H]5CC[C@](C)(O)CC5)c([N+](=O)[O-])c4)c(Oc4cnc5[nH]ccc5c4)c3)cc2)CC1,2
d3de6b9c,mutant_131,CC(C)c1ccccc1[C@H]1CCCN1C1CC2(CCN(c3ccc(C(=O)NS(=O)(=O)c4ccc(NC[C@H]5CC[C@@](O)(C(F)(F)F)CC5)c([N+])c4)c(Oc4cnc5[nH]ccc5c4)c3)CC2)C1,,,raw,,mutation,CC(C)c1ccccc1[C@H]1CCCN1C1CC2(CCN(c3ccc(C(=O)NS(=O)(=O)c4ccc(NC[C@H]5CC[C@@](O)(C(F)(F)F)CC5)c([N+](=O)[O-])c4)c(Oc4cnc5[nH]ccc5c4)c3)CC2)C1,2
1c3e2c49,mutant_132,CCc1ccccc1[C@@H]1CCCN1C1CC2(CCN(c3ccc(CNS(=O)(=O)c4ccc(NCC5CCOCC5)c([N+](=O)[O-])c4)c(Oc4cnc5[nH]ccc5c4)c3)CC2)C1,,,raw,,mutation,CCc1ccccc1[C@@H]1CCCN1C1CC2(CCN(c3ccc(C(=O)NS(=O)(=O)c4ccc(NCC5CCOCC5)c([N+](=O)[O-])c4)c(Oc4cnc5[nH]ccc5c4)c3)CC2)C1,2
531250a4,mutant_133,CN1CSN(C2CC3(CCN(c4ccc(C(=O)NS(=O)(=O)c5ccc(NC[C@H]6CC[C@](C)(O)CC6)c([N+]=O)c5)c(Oc5cnc6[nH]ccc6c5)c4)CC3)C2)[C@@H](c2ccccc2C2CC2)C1,,,raw,,mutation,CN1CCN(C2CC3(CCN(c4ccc(C(=O)NS(=O)(=O)c5ccc(NC[C@H]6CC[C@](C)(O)CC6)c([N+](=O)[O-])c5)c(Oc5cnc6[nH]ccc6c5)c4)CC3)C2)[C@@H](c2ccccc2C2CC2)C1,2
9314fd65,mutant_134,CN1CCN2C3CC4(CCN(CC4)c4ccc5c(Oc6cnc7[nH]ccc7c6)c4-c4cccc(c4[C@@H]2C1)C1CC1C1C[C@@](C)(O)CC[C@@H]1CNc1ccc(cc1[N+](=O)[O-])S(=O)(=O)NC5=O)C3,,,raw,,mutation,CN1CCN(C2CC3(CCN(c4ccc(C(=O)NS(=O)(=O)c5ccc(NC[C@H]6CC[C@](C)(O)CC6)c([N+](=O)[O-])c5)c(Oc5cnc6[nH]ccc6c5)c4)CC3)C2)[C@H](c2ccccc2C2CC2)C1,2
2ce546f0,mutant_135,CN1CC=C(c2ccccc2[C@H]2CCCN2c2ccc(S3=CC=C(C(=O)NS(=O)(=O)c4ccc(NC[C@H]5CC[C@](C)(O)CC5)c([N+](=O)[O-])c4)C(Oc4cnc5[nH]ccc5c4)=C3)cc2)NC1,,,raw,,mutation,CN1CC=C(c2ccccc2[C@H]2CCCN2c2ccc(-c3ccc(C(=O)NS(=O)(=O)c4ccc(NC[C@H]5CC[C@](C)(O)CC5)c([N+](=O)[O-])c4)c(Oc4cnc5[nH]ccc5c4)c3)cc2)CC1,2
3b960bc6,mutant_136,CN1CCN(C2CC3(CCN(c4ccc(C(=O)NS(=O)(=O)c5ccc(NC[C@H]6CC[C@](C)(O)CC6)c([N+]=O)c5)c(Oc5cnc6[nH]ccc6c5)c4)CC3)C2)[C@H](c2ccccc2C2CC2)C1,,,raw,,mutation,CN1CCN(C2CC3(CCN(c4ccc(C(=O)NS(=O)(=O)c5ccc(NC[C@H]6CC[C@](C)(O)CC6)c([N+](=O)[O-])c5)c(Oc5cnc6[nH]ccc6c5)c4)CC3)C2)[C@H](c2ccccc2C2CC2)C1,2
7f89bb02,mutant_137,CN1CC=C(c2ccccc2[C@H]2CCCN2c2ccc(-c3ccc(C(=O)NS(=O)(=O)c4ccc(NC5C6C[C@@](C)(O)CC[C@@H]65)c([N+](=O)[O-])c4)c(Oc4cnc5[nH]ccc5c4)c3)cc2O)CC1,,,raw,,mutation,CN1CC=C(c2ccccc2[C@H]2CCCN2c2ccc(-c3ccc(C(=O)NS(=O)(=O)c4ccc(NC[C@H]5CC[C@](C)(O)CC5)c([N+](=O)[O-])c4)c(Oc4cnc5[nH]ccc5c4)c3)cc2)CC1,2
5bf7dc1e,mutant_138,CN1CCN(C2CC3(CCN(c4ccc(C(=O)NS(=O)(=O)c5ccc(NC[C@H]6CC[C@](C)(O)CC6)c([N+](=O)[O-])c5)c(Oc5cnc6[nH]ccc6c5)c4)SC3)C2)[C@@H](c2ccccc2C2CC2)C1,,,raw,,mutation,CN1CCN(C2CC3(CCN(c4ccc(C(=O)NS(=O)(=O)c5ccc(NC[C@H]6CC[C@](C)(O)CC6)c([N+](=O)[O-])c5)c(Oc5cnc6[nH]ccc6c5)c4)CC3)C2)[C@@H](c2ccccc2C2CC2)C1,2
0c9a23df,mutant_139,CN1CC=C(c2ccccc2[C@H]2CCCN2c2ccc(-c3ccc(C(=O)NS(=O)(=O)c4ccc(NCC5CCN(C6COC6)CC5)c([N+](=O)[O-])c4)c(Oc4cnc5[nH]ccc5c4)c3)cc2)CC1F,,,raw,,mutation,CN1CC=C(c2ccccc2[C@H]2CCCN2c2ccc(-c3ccc(C(=O)NS(=O)(=O)c4ccc(NCC5(F)CCN(C6COC6)CC5)c([N+](=O)[O-])c4)c(Oc4cnc5[nH]ccc5c4)c3)cc2)CC1,2
7d4c99f7,mutant_140,CNCC(=O)N1CCC(c2ccccc2[C@H]2CCCN2S2=CC=C(c3ccc(C(=O)NS(=O)c4ccc(NC[C@H]5CC[C@](C)(O)CC5)c([N+](=O)[O-])c4)c(Oc4cnc5[nH]ccc5c4)c3)C=C2)CC1,,,raw,,mutation,CNCC(=O)N1CCC(c2ccccc2[C@H]2CCCN2c2ccc(-c3ccc(C(=O)NS(=O)(=O)c4ccc(NC[C@H]5CC[C@](C)(O)CC5)c([N+](=O)[O-])c4)c(Oc4cnc5[nH]ccc5c4)c3)cc2)CC1,2
f3b437df,mutant_141,CC1(C)CC(CNc2ccc(S(=O)NC(=O)c3ccc(N4CCC5(CC4)CC(N4CCC[C@H]4c4ccccc4C4CC4)C5)cc3Oc3cnc4[nH]ccc4c3)cc2[N+](=O)[O-])C#CO1,,,raw,,mutation,CC1(C)CC(CNc2ccc(S(=O)(=O)NC(=O)c3ccc(N4CCC5(CC4)CC(N4CCC[C@H]4c4ccccc4C4CC4)C5)cc3Oc3cnc4[nH]ccc4c3)cc2[N+](=O)[O-])CCO1,2
5fc088c1,mutant_142,O=C(NS(=O)(=O)c1ccc(NCC2CCOCC2)c([N+][O-])c1)c1ccc(N2CCC3(CC2)CC(N2CCC[C@H]2c2ccccc2C2CC2)C3)cc1Oc1cncc(Cl)c1,,,raw,,mutation,Nc1ncc(Oc2cc(N3CCC4(CC3)CC(N3CCC[C@H]3c3ccccc3C3CC3)C4)ccc2C(=O)NS(=O)(=O)c2ccc(NCC3CCOCC3)c([N+](=O)[O-])c2)cc1Cl,2
0717e03b,mutant_143,CO[C@]1(C)CC[C@@H](ONc2ccc(S(=O)(=O)NC(=O)c3ccc(N4CCC5(CC4)CC4C5C5CC[C@@H](c6ccccc6C(C)C)N54)cc3Oc3cnc4[nH]ccc4c3)cc2[N+](=O)[O-])CC1,,,raw,,mutation,CO[C@]1(C)CC[C@@H](CNc2ccc(S(=O)(=O)NC(=O)c3ccc(N4CCC5(CC4)CC(N4CCC[C@H]4c4ccccc4C(C)C)C5)cc3Oc3cnc4[nH]ccc4c3)cc2[N+](=O)[O-])CC1,2
a169fcac,mutant_144,CN(CNc1ccc(S(=O)NC(=O)c2ccc(N3CCC4(CC3)CC(N3CCC[C@H]3c3ccccc3C3CC3)C4)cc2Oc2cnc3[nH]ccc3c2)cc1[N+](=O)[O-])CC1CCOCC1,,,raw,,mutation,CN(CC1CCOCC1)C(=O)Nc1ccc(S(=O)(=O)NC(=O)c2ccc(N3CCC4(CC3)CC(N3CCC[C@H]3c3ccccc3C3CC3)C4)cc2Oc2cnc3[nH]ccc3c2)cc1[N+](=O)[O-],2
59f1dfd8,mutant_145,O=C(NS(=O)c1ccc(NC[C@@H]2COCCO2)c([N+][O-])c1)c1ccc(N2CCC3(CC2)CC(N2CCC[C@H]2c2ccccc2C2CC2)C3)cc1Oc1cnc2[nH]ccc2c1,,,raw,,mutation,O=C(NS(=O)(=O)c1ccc(NC[C@@H]2COCCO2)c([N+](=O)[O-])c1)c1ccc(N2CCC3(CC2)CC(N2CCC[C@H]2c2ccccc2C2CC2)C3)cc1Oc1cnc2[nH]ccc2c1,2
3e0525ce,mutant_146,CN1CC=C(c2ccccc2[C@H]2CCCN2c2ccc(-c3ccc(C(=O)NS(=O)(=O)c4ccc(NC[C@H]5CC[C@](C)(O)CC5)c([N+]=O)c4)c(Oc4cnc5[nH]ccc5c4)c3)c(O)c2)CC1,,,raw,,mutation,CN1CC=C(c2ccccc2[C@H]2CCCN2c2ccc(-c3ccc(C(=O)NS(=O)(=O)c4ccc(NC[C@H]5CC[C@](C)(O)CC5)c([N+](=O)[O-])c4)c(Oc4cnc5[nH]ccc5c4)c3)cc2)CC1,2
a225832c,mutant_147,CC1CC(CNc2ccc(S(=O)NC(=O)c3ccc(N4CCC5(CC4)CC(N4CCC[C@H]4c4ccccc4C4CC4)C5)cc3Oc3cnc4[nH]ccc4c3)cc2[N+](=O)[O-])CC(C)(C)O1,,,raw,,mutation,CC1(C)CC(CNc2ccc(S(=O)(=O)NC(=O)c3ccc(N4CCC5(CC4)CC(N4CCC[C@H]4c4ccccc4C4CC4)C5)cc3Oc3cnc4[nH]ccc4c3)cc2[N+](=O)[O-])CC(C)(C)O1,2
a4d5e201,mutant_148,CC(C)c1ccccc1[C@@H]1CCON1C1CC2(CCN(c3ccc(C(=O)NS(=O)c4ccc(NC[C@H]5CC[C@@](O)(C(F)(F)F)CC5)c([N+](=O)[O-])c4)c(Oc4cnc5[nH]ccc5c4)c3)CC2)C1,,,raw,,mutation,CC(C)c1ccccc1[C@@H]1CCCN1C1CC2(CCN(c3ccc(C(=O)NS(=O)(=O)c4ccc(NC[C@H]5CC[C@@](O)(C(F)(F)F)CC5)c([N+](=O)[O-])c4)c(Oc4cnc5[nH]ccc5c4)c3)CC2)C1,2
7048e605,mutant_149,CN(C)CCC(=O)N1CC=C(c2ccccc2[C@H]2CCCN2c2ccc(-c3ccc(C(=O)NS(=O)(=O)c4ccc(NC[C@H]5CC[C@](C)(O)CC5)c([N+](=O)[O-])c4)c(Oc4cnc5[nH]cc(N)c5c4)c3)cc2)CC1,,,raw,,mutation,CN(C)CCC(=O)N1CCC(c2ccccc2[C@H]2CCCN2c2ccc(-c3ccc(C(=O)NS(=O)(=O)c4ccc(NC[C@H]5CC[C@](C)(O)CC5)c([N+](=O)[O-])c4)c(Oc4cnc5[nH]ccc5c4)c3)cc2)CC1,2
1723a0d4,mutant_150,CN1CC=C(c2ccccc2[C@H]2CCCN2c2ccc(-c3ccc(C(=O)NS(=O)(=O)c4ccc(N(N)C[C@H]5CC[C@](C)(O)C(O)C5)c([N+](=O)[O-])c4)c(Oc4cnc5[nH]ccc5c4)c3)cc2)CC1,,,raw,,mutation,CN1CC=C(c2ccccc2[C@H]2CCCN2c2ccc(-c3ccc(C(=O)NS(=O)(=O)c4ccc(NC[C@H]5CC[C@](C)(O)CC5)c([N+](=O)[O-])c4)c(Oc4cnc5[nH]ccc5c4)c3)cc2)CC1,2
1a69c191,mutant_151,CCc1ccccc1[C@@H]1CCCN1C1CC2(CCN(c3ccc(C(=O)NS(=O)(=O)c4ccc(NC[C@H]5CC[C@@](O)(C(F)F)CC5)c([N+](=O)[O-])c4)c(Oc4cnc5[nH]ccc5c4)c3)CC2)C1,,,raw,,mutation,CC(C)c1ccccc1[C@@H]1CCCN1C1CC2(CCN(c3ccc(C(=O)NS(=O)(=O)c4ccc(NC[C@H]5CC[C@@](O)(C(F)(F)F)CC5)c([N+](=O)[O-])c4)c(Oc4cnc5[nH]ccc5c4)c3)CC2)C1,2
6a85ec51,mutant_152,CC[C@]1(O)CC[C@H](CNc2ccc(S(=O)(=O)NC(=O)c3ccc(N4CCC5(CC4)CC(N4CCN(C)C[C@H]4c4ccccc4C4CC4)C5)cc3Oc3cnc4[nH]ccc4c3)cc2[N+][O-])CC1,,,raw,,mutation,CN1CCN(C2CC3(CCN(c4ccc(C(=O)NS(=O)(=O)c5ccc(NC[C@H]6CC[C@](C)(O)CC6)c([N+](=O)[O-])c5)c(Oc5cnc6[nH]ccc6c5)c4)CC3)C2)[C@H](c2ccccc2C2CC2)C1,2
4d0f28ee,mutant_153,CCc1ccccc1[C@@H]1CCCN1C1CC2(CCN(c3ccc(CNS(=O)(=O)c4ccc(NC[C@@H]5COC#CO5)c([N+](=O)[O-])c4)c(Oc4cnc5[nH]ccc5c4)c3)CC2)C1,,,raw,,mutation,CCc1ccccc1[C@@H]1CCCN1C1CC2(CCN(c3ccc(C(=O)NS(=O)(=O)c4ccc(NC[C@@H]5COCCO5)c([N+](=O)[O-])c4)c(Oc4cnc5[nH]ccc5c4)c3)CC2)C1,2
1626da44,mutant_154,CN(C)CCOC1CC(c2ccccc2C2CC2)N(C2(N)CC3(CCN(c4ccc(C(=O)NS(=O)(=O)c5ccc(NCC6CCOCC6)c([N+](=O)[O-])c5)c(Oc5cnc6[nH]ccc6c5)c4)CC3)C2)C1,,,raw,,mutation,CN(C)CCOC1CC(c2ccccc2C2CC2)N(C2CC3(CCN(c4ccc(C(=O)NS(=O)(=O)c5ccc(NCC6CCOCC6)c([N+](=O)[O-])c5)c(Oc5cnc6[nH]ccc6c5)c4)CC3)C2)C1,2
2ce41c38,mutant_155,CCc1ccccc1[C@@H]1CCCN1C1CC2(CCN(c3ccc(C(=O)NS(=O)(=O)c4ccc(NC[C@@H]5COCCO5)c([N+])c4)c(Oc4cnc5[nH]ccc5c4)c3)CC2)C1,,,raw,,mutation,CCc1ccccc1[C@@H]1CCCN1C1CC2(CCN(c3ccc(C(=O)NS(=O)(=O)c4ccc(NC[C@@H]5COCCO5)c([N+](=O)[O-])c4)c(Oc4cnc5[nH]ccc5c4)c3)CC2)C1,2
d5d8a5c0,mutant_156,CCc1ccccc1[C@@H]1CCCN1C1CC2(CCN(c3ccc(C(=O)NS(=O)(=O)c4ccc(NCC5CCOCC5)c([N+][O-])c4Cl)c(Oc4cnc5[nH]ccc5c4)c3)CC2)C1,,,raw,,mutation,CCc1ccccc1[C@@H]1CCCN1C1CC2(CCN(c3ccc(C(=O)NS(=O)(=O)c4ccc(NCC5CCOCC5)c([N+](=O)[O-])c4)c(Oc4cnc5[nH]ccc5c4)c3)CC2)C1,2
bf99e6c1,mutant_157,CN1C[C@H](c2ccccc2C2CC2)N(C2CC3(CCN(c4ccc(C(=O)NS(=O)(=O)c5ccc(NC[C@H]6CC[C@](C)(O)CC6)c([N+](=O)[O-])c5)c(Oc5cnc6[nH]ccc6c5)c4)CC3)C2)CS1,,,raw,,mutation,CN1CCN(C2CC3(CCN(c4ccc(C(=O)NS(=O)(=O)c5ccc(NC[C@H]6CC[C@](C)(O)CC6)c([N+](=O)[O-])c5)c(Oc5cnc6[nH]ccc6c5)c4)CC3)C2)[C@@H](c2ccccc2C2CC2)C1,2
83ce4e13,mutant_158,CN1CCN(C2CC3(CCN(c4ccc(C(=O)NS(=O)c5ccc(NC[C@H]6CC[C@](C)(O)CC6)c([N+](=O)[O-])c5)c(Oc5cnc6[nH]ccc6c5)c4)CS3)C2)[C@@H](c2ccccc2C2CC2)C1,,,raw,,mutation,CN1CCN(C2CC3(CCN(c4ccc(C(=O)NS(=O)(=O)c5ccc(NC[C@H]6CC[C@](C)(O)CC6)c([N+](=O)[O-])c5)c(Oc5cnc6[nH]ccc6c5)c4)CC3)C2)[C@@H](c2ccccc2C2CC2)C1,2
93c2a702,mutant_159,CC(C)c1ccccc1[C@@H]1CN(C)CCN1C1CC2(CCN(c3ccc(C(=O)NS(=O)(=O)c4ccc(NC[C@H]5CC[C@](C)(O)CC5)c([N+][O-])c4)c(Oc4cnc5[nH]ccc5c4)c3)CC2)C1,,,raw,,mutation,CC(C)c1ccccc1[C@@H]1CN(C)CCN1C1CC2(CCN(c3ccc(C(=O)NS(=O)(=O)c4ccc(NC[C@H]5CC[C@](C)(O)CC5)c([N+](=O)[O-])c4)c(Oc4cnc5[nH]ccc5c4)c3)CC2)C1,2
f06236bc,mutant_160,O=[N+]([O-])c1cc(S(=O)(=O)NCc2ccc(N3CCC45CC3C3CC[C@@H](c6ccccc6C6CC6)N3C(C4)C5)cc2Oc2cnc3[nH]ccc3c2)ccc1NCC1CCC(O)(C(F)(F)F)CC1,,,raw,,mutation,O=C(NS(=O)(=O)c1ccc(NCC2CCC(O)(C(F)(F)F)CC2)c([N+](=O)[O-])c1)c1ccc(N2CCC3(CC2)CC(N2CCC[C@H]2c2ccccc2C2CC2)C3)cc1Oc1cnc2[nH]ccc2c1,2
41c57bd5,mutant_161,CCc1ccccc1[C@@H]1CCCN1C1CC2(CCN(c3ccc(C(=O)NS(=O)(=O)c4ccc(NC[C@@H]5COCCO5)c([N+][O-])c4)c(Oc4cnc5[nH]ccc5c4)c3)C(N)C2)C1,,,raw,,mutation,CCc1ccccc1[C@@H]1CCCN1C1CC2(CCN(c3ccc(C(=O)NS(=O)(=O)c4ccc(NC[C@@H]5COCCO5)c([N+](=O)[O-])c4)c(Oc4cnc5[nH]ccc5c4)c3)CC2)C1,2
07f5e206,mutant_162,CN(C)CC(=O)N1CCC(c2ccccc2[C@H]2CCCN2c2ccc(-c3ccc(C(=O)NS(=O)(=O)c4ccc(NC[C@H]5CC[C@](C)(O)CC5)c([N+]=O)c4)c(Oc4cc5cc[nH]c5nc4N)c3)cc2)CC1,,,raw,,mutation,CN(C)CC(=O)N1CCC(c2ccccc2[C@H]2CCCN2c2ccc(-c3ccc(C(=O)NS(=O)(=O)c4ccc(NC[C@H]5CC[C@](C)(O)CC5)c([N+](=O)[O-])c4)c(Oc4cnc5[nH]ccc5c4)c3)cc2)CC1,2
5c642e84,mutant_163,CCc1ccccc1[C@@H]1CCCN1C1CC2(CCN(c3ccc(C(=O)NS(=O)c4ccc(NCC5CCOCC5)c([N+](=O)[O-])c4)c(Oc4cnc5[nH]ccc5c4)c3)CC2)C1OC,,,raw,,mutation,CCc1ccccc1[C@@H]1CCCN1C1CC2(CCN(c3ccc(C(=O)NS(=O)(=O)c4ccc(NCC5CCOCC5)c([N+](=O)[O-])c4)c(Oc4cnc5[nH]ccc5c4)c3)CC2)C1,2
efd2aa9d,mutant_164,CN1CC=C(c2ccccc2[C@H]2CCCN2c2ccc(-c3ccc(C(=O)NS(=O)(=O)c4ccc(NC[C@H]5CC[C@](C)CC5)c([N+]=O)c4)c(Oc4cnc5[nH]ccc5c4)c3)cc2)CC1,,,raw,,mutation,CN1CC=C(c2ccccc2[C@H]2CCCN2c2ccc(-c3ccc(C(=O)NS(=O)(=O)c4ccc(NC[C@H]5CC[C@](C)(O)CC5)c([N+](=O)[O-])c4)c(Oc4cnc5[nH]ccc5c4)c3)cc2)CC1,2
32cf54a7,mutant_165,CC(C)c1ccccc1[C@@H]1CN(C)CCN1C12CC34CCN(CC3)c3ccc(c(Oc5cnc6[nH]ccc6c5)c3)C(=O)NS(=O)(=O)c3ccc(c([N+](=O)[O-])c3)N(C[C@@H]3CC[C@@](C)(O)CC31)C42,,,raw,,mutation,CC(C)c1ccccc1[C@@H]1CN(C)CCN1C1CC2(CCN(c3ccc(C(=O)NS(=O)(=O)c4ccc(NC[C@H]5CC[C@](C)(O)CC5)c([N+](=O)[O-])c4)c(Oc4cnc5[nH]ccc5c4)c3)CC2)C1,2
aa59824f,mutant_166,CC(C)c1ccccc1[C@@H]1CN(C)CCN1C1CC2(CCN(c3ccc(C(=O)NS(=O)(=O)c4ccc(NC[C@H]5CC[C@](N)(O)CC5)c([N+](=O)[O-])c4)c(Oc4cnc5[nH]ccc5c4)c3)CC2)C1,,,raw,,mutation,CC(C)c1ccccc1[C@@H]1CN(C)CCN1C1CC2(CCN(c3ccc(C(=O)NS(=O)(=O)c4ccc(NC[C@H]5CC[C@](C)(O)CC5)c([N+](=O)[O-])c4)c(Oc4cnc5[nH]ccc5c4)c3)CC2)C1,2
56d1733e,mutant_167,O=C(NS(=O)(=O)c1ccc(NCC2CCC(C(F)F)CC2)c([N+](=O)[O-])c1)c1ccc(N2CCC3(CC2)CC(N2CCC[C@H]2c2ccccc2C2CC2)C3)cc1Oc1cnc2[nH]ccc2c1,,,raw,,mutation,O=C(NS(=O)(=O)c1ccc(NCC2CCC(O)(C(F)(F)F)CC2)c([N+](=O)[O-])c1)c1ccc(N2CCC3(CC2)CC(N2CCC[C@H]2c2ccccc2C2CC2)C3)cc1Oc1cnc2[nH]ccc2c1,2
3fa8ca64,mutant_168,O=C(NS(=O)(=O)c1ccc(NCC2CCC(O)(C(F)F)CC2)c([N+](=O)[O-])c1)c1ccc(N2CCC3(CC2)CC(N2CCC[C@H]2c2ccccc2C2CC2)C3)cc1Oc1ccc2[nH]ccc2c1,,,raw,,mutation,O=C(NS(=O)(=O)c1ccc(NCC2CCC(O)(C(F)(F)F)CC2)c([N+](=O)[O-])c1)c1ccc(N2CCC3(CC2)CC(N2CCC[C@H]2c2ccccc2C2CC2)C3)cc1Oc1cnc2[nH]ccc2c1,2
aa8c7b11,mutant_169,CC1CC(CNc2ccc(S(=O)(=O)NC(=O)c3ccc(N4CCC5(CC4)CC(N4CCC[C@H]4c4ccccc4C4CC4)C5)cc3Oc3cnc4[nH]ncc4c3)cc2[N+](=O)[O-])CCO1,,,raw,,mutation,CC1(C)CC(CNc2ccc(S(=O)(=O)NC(=O)c3ccc(N4CCC5(CC4)CC(N4CCC[C@H]4c4ccccc4C4CC4)C5)cc3Oc3cnc4[nH]ccc4c3)cc2[N+](=O)[O-])CCO1,2
73263926,mutant_170,O=C(NS(=O)(=O)c1ccc(NC[C@@H]2CSCSO2)c([N+](=O)[O-])c1)c1ccc(N2CCC3(CC2)CC(N2CCC[C@H]2c2ccccc2C2CC2)C3)cc1Oc1cnc2[nH]ccc2c1,,,raw,,mutation,O=C(NS(=O)(=O)c1ccc(NC[C@@H]2COCCO2)c([N+](=O)[O-])c1)c1ccc(N2CCC3(CC2)CC(N2CCC[C@H]2c2ccccc2C2CC2)C3)cc1Oc1cnc2[nH]ccc2c1,2
6e490f1e,mutant_171,COc1cc2c([N+](=O)[O-])cc1S(=O)(=O)NC(=O)c1ccc(cc1Oc1cnc3[nH]ccc3c1)N1CCC3(CC1)CC(C3)N1CC(C[C@H]1c1ccccc1C1CC1)C1COC(C)(C)CC1CN2,,,raw,,mutation,CC1(C)CC(CNc2ccc(S(=O)(=O)NC(=O)c3ccc(N4CCC5(CC4)CC(N4CCC[C@H]4c4ccccc4C4CC4)C5)cc3Oc3cnc4[nH]ccc4c3)cc2[N+](=O)[O-])CCO1,2
dd31e9a0,mutant_172,CN1CCN(C2CC34C=CN(CC3)c3ccc(c(Oc5cnc6[nH]ccc6c5)c3)C(=O)NS(=O)(=O)c3ccc(c([N+](=O)[O-])c3)NC[C@H]3CC[C@](O)(CC3)CC24)[C@@H](c2ccccc2C2CC2)C1,,,raw,,mutation,CN1CCN(C2CC3(CCN(c4ccc(C(=O)NS(=O)(=O)c5ccc(NC[C@H]6CC[C@](C)(O)CC6)c([N+](=O)[O-])c5)c(Oc5cnc6[nH]ccc6c5)c4)CC3)C2)[C@@H](c2ccccc2C2CC2)C1,2
cf934f8c,mutant_173,CN1C[C@H](c2ccccc#2C2CC2)N(C2CC3(CCN(c4ccc(C(=O)NS(=O)(=O)c5ccc(NC[C@H]6CC[C@](C)(O)CC6)c([N+](=O)[O-])c5)c(Oc5cnc6[nH]ccc6c5)c4)CC3)C2)CN1,,,raw,,mutation,CN1CCN(C2CC3(CCN(c4ccc(C(=O)NS(=O)(=O)c5ccc(NC[C@H]6CC[C@](C)(O)CC6)c([N+](=O)[O-])c5)c(Oc5cnc6[nH]ccc6c5)c4)CC3)C2)[C@@H](c2ccccc2C2CC2)C1,2
88f3606b,mutant_174,O=C(NS(=O)c1ccc(NC[C@@H]2COCCO2)c([N+](=O)[O-])c1)c1ccc(N2C=CC3(CC2)CC(N2CCC[C@H]2c2ccccc2C2CC2)C3)cc1Oc1cnc2[nH]ccc2c1,,,raw,,mutation,O=C(NS(=O)(=O)c1ccc(NC[C@@H]2COCCO2)c([N+](=O)[O-])c1)c1ccc(N2CCC3(CC2)CC(N2CCC[C@H]2c2ccccc2C2CC2)C3)cc1Oc1cnc2[nH]ccc2c1,2
d6a46422,mutant_175,[C-][N+](=O)c1cc(S(=O)NC(=O)c2ccc(N3CCC4(CC3)CC(N3CC(OCCN(C)C)CC3c3ccccc3C3CC3)C4)cc2Oc2cnc3[nH]ccc3c2)ccc1NCC1CCOCC1,,,raw,,mutation,CN(C)CCOC1CC(c2ccccc2C2CC2)N(C2CC3(CCN(c4ccc(C(=O)NS(=O)(=O)c5ccc(NCC6CCOCC6)c([N+](=O)[O-])c5)c(Oc5cnc6[nH]ccc6c5)c4)CC3)C2)C1,2
c7cae82f,mutant_176,COc1c(S(=O)(=O)NC(=O)c2ccc(N3CCC4(CC3)CC(N3CCC[C@H]3c3ccccc3C3CC3)C4)cc2Oc2cnc3[nH]ccc3c2)ccc(NCC2C=CC(O)(C(F)(F)F)CC2)c1[N+](=O)[O-],,,raw,,mutation,O=C(NS(=O)(=O)c1ccc(NCC2CCC(O)(C(F)(F)F)CC2)c([N+](=O)[O-])c1)c1ccc(N2CCC3(CC2)CC(N2CCC[C@H]2c2ccccc2C2CC2)C3)cc1Oc1cnc2[nH]ccc2c1,2
7d30762f,mutant_177,Nc1ncc(Oc2cc(N3CCC4(CC3)CC(N3CCC[C@H]3c3cccc5c3C3CC53)C4)ccc2C(O)NS(=O)(=O)c2ccc(NCC3CCOCC3)c([N+](=O)[O-])c2)cc1Cl,,,raw,,mutation,Nc1ncc(Oc2cc(N3CCC4(CC3)CC(N3CCC[C@H]3c3ccccc3C3CC3)C4)ccc2C(=O)NS(=O)(=O)c2ccc(NCC3CCOCC3)c([N+](=O)[O-])c2)cc1Cl,2
bcab3847,mutant_178,CNCC(=O)N1C=CC(c2ccccc2[C@H]2CCCN2c2ccc(-c3ccc(C(=O)N(Cl)S(=O)(=O)c4ccc(NC[C@H]5CC[C@](C)(O)CC5)c([N+](=O)[O-])c4)c(Oc4cnc5[nH]ccc5c4)c3)cc2)CC1,,,raw,,mutation,CNCC(=O)N1CCC(c2ccccc2[C@H]2CCCN2c2ccc(-c3ccc(C(=O)NS(=O)(=O)c4ccc(NC[C@H]5CC[C@](C)(O)CC5)c([N+](=O)[O-])c4)c(Oc4cnc5[nH]ccc5c4)c3)cc2)CC1,2
7a1f3796,mutant_179,CC(C)c1cccc2c1[C@@H]1CN(C)CCN1C1CC3(CCN(CC3)c3ccc(C(=O)NS(=O)c4ccc(NC[C@H]5CC[C@](C)(O)CC5)c([N+](=O)[O-])c4)c(c3)Oc3cnc4[nH]c-2cc4c3)C1,,,raw,,mutation,CC(C)c1ccccc1[C@@H]1CN(C)CCN1C1CC2(CCN(c3ccc(C(=O)NS(=O)(=O)c4ccc(NC[C@H]5CC[C@](C)(O)CC5)c([N+](=O)[O-])c4)c(Oc4cnc5[nH]ccc5c4)c3)CC2)C1,2
c2bbf684,mutant_180,CN1CC=C(c2ccccc2[C@H]2CCCN2c2ccc(-c3ccc(C(=O)NS(=O)(=O)c4ccc(NCC5(N)CCN(C6COC6)CC5)c([N+]=O)c4)c(Oc4cnc5[nH]ccc5c4)c3)cc2)CC1,,,raw,,mutation,CN1CC=C(c2ccccc2[C@H]2CCCN2c2ccc(-c3ccc(C(=O)NS(=O)(=O)c4ccc(NCC5(F)CCN(C6COC6)CC5)c([N+](=O)[O-])c4)c(Oc4cnc5[nH]ccc5c4)c3)cc2)CC1,2
bfec73da,mutant_181,C[C@]12CC[C@@H](CC1)CNc1ccc(cc1[N+](=O)[O-])S(=O)(=O)NC(=O)c1ccc(cc1Oc1cnc3[nH]ccc3c1)-c1ccc(cc1)N1CCC[C@@H]1c1ccccc1C1(CCN(C(=O)CNF)CC1)O2,,,raw,,mutation,CNCC(=O)N1CCC(c2ccccc2[C@H]2CCCN2c2ccc(-c3ccc(C(=O)NS(=O)(=O)c4ccc(NC[C@H]5CC[C@](C)(O)CC5)c([N+](=O)[O-])c4)c(Oc4cnc5[nH]ccc5c4)c3)cc2)CC1,2
e273adf4,mutant_182,C[C@]1(O)CC[C@H](CNc2ccc(S(=O)(=O)NC(=O)c3ncc(N4CCC56CC4CN4CCN(C(C5)C6)[C@H](c5ccccc5C5CC5)C4)cc3Oc3cnc4[nH]ccc4c3)cc2[N+](=O)[O-])CC1,,,raw,,mutation,CN1CCN(C2CC3(CCN(c4ccc(C(=O)NS(=O)(=O)c5ccc(NC[C@H]6CC[C@](C)(O)CC6)c([N+](=O)[O-])c5)c(Oc5cnc6[nH]ccc6c5)c4)CC3)C2)[C@H](c2ccccc2C2CC2)C1,2
ad8ff894,mutant_183,CN1CC=C(c2ccccc2[C@H]2CCCN2c2ccc(-c3ccc(C(=O)NS(=O)(=O)c4ccc(NC[C@H]5CC[C@](C)(O)CC5)c([N+](=O)[O-])c4N)c(Oc4cnc5[nH]ccc5c4)c3)cc2)OC1,,,raw,,mutation,CN1CC=C(c2ccccc2[C@H]2CCCN2c2ccc(-c3ccc(C(=O)NS(=O)(=O)c4ccc(NC[C@H]5CC[C@](C)(O)CC5)c([N+](=O)[O-])c4)c(Oc4cnc5[nH]ccc5c4)c3)cc2)CC1,2
62a00421,mutant_184,CN(C)CCOC1CC(c2ccccc2C2CC2O)N(C2CC3(CCN(c4ccc(C(=O)NS(=O)(=O)c5ccc(NCC6CCOCC6)c([N+](=O)[O-])c5)c(Oc5c#nc6[nH]ccc6c5)c4)CC3)C2)C1,,,raw,,mutation,CN(C)CCOC1CC(c2ccccc2C2CC2)N(C2CC3(CCN(c4ccc(C(=O)NS(=O)(=O)c5ccc(NCC6CCOCC6)c([N+](=O)[O-])c5)c(Oc5cnc6[nH]ccc6c5)c4)CC3)C2)C1,2
e3dc66a6,mutant_185,CN(C)CCOC1CC(c2ccccc2C2CC2)N(C2CC3(CCN(c4ccc(C(=O)NS(=O)C5=CC=S(NCC6CCOCC6)C([N+](=O)[O-])=C5)c(Oc5cnc6[nH]ccc6c5)c4)CC3)C2)C1,,,raw,,mutation,CN(C)CCOC1CC(c2ccccc2C2CC2)N(C2CC3(CCN(c4ccc(C(=O)NS(=O)(=O)c5ccc(NCC6CCOCC6)c([N+](=O)[O-])c5)c(Oc5cnc6[nH]ccc6c5)c4)CC3)C2)C1,2
37824de7,mutant_186,Nc1ncc(Oc2cc(N3CCC4(CC3)CC(N3CCC[C@H]3c3c#cccc3C3CC3)C4)ccc2C(=O)NS(=O)(=O)c2ccc(NCC3CCOCS3)c([N+](=O)[O-])c2)cc1Cl,,,raw,,mutation,Nc1ncc(Oc2cc(N3CCC4(CC3)CC(N3CCC[C@H]3c3ccccc3C3CC3)C4)ccc2C(=O)NS(=O)(=O)c2ccc(NCC3CCOCC3)c([N+](=O)[O-])c2)cc1Cl,2
4bc62c05,mutant_187,CCc1ccccc1[C@@H]1C(CC)CCN1C1CC2(CCN(c3ccc(C(=O)NS(=O)c4ccc(NCC5CCOCC5)c([N+](=O)[O-])c4)c(Oc4cnc5[nH]ccc5c4)c3)CC2)C1,,,raw,,mutation,CCc1ccccc1[C@@H]1CCCN1C1CC2(CCN(c3ccc(C(=O)NS(=O)(=O)c4ccc(NCC5CCOCC5)c([N+](=O)[O-])c4)c(Oc4cnc5[nH]ccc5c4)c3)CC2)C1,2
94ea3ae9,mutant_188,COC1CN(C2CC3(CCN(c4ccc(C(=O)NS(=O)(=O)c5ccc(NC[C@H]6CC[C@](C)(O)CC6)c([N+](=O)[O-])c5)c(Oc5cnc6[nH]ccc6c5)c4)CC3OC)C2)[C@H](c2ccccc2C(C)C)CN1C,,,raw,,mutation,CC(C)c1ccccc1[C@@H]1CN(C)CCN1C1CC2(CCN(c3ccc(C(=O)NS(=O)(=O)c4ccc(NC[C@H]5CC[C@](C)(O)CC5)c([N+](=O)[O-])c4)c(Oc4cnc5[nH]ccc5c4)c3)CC2)C1,2
a9809f2b,mutant_189,CCc1ccccc1[C@@H]1CCCN1C1CC2(CCN(c3ccc(C(=O)NS(=O)c4ccc(NC[C@@H]5COCCO5)c([N+][O-])c4)c(Oc4cnc5[nH]ccc5c4)c3)CC2)C1,,,raw,,mutation,CCc1ccccc1[C@@H]1CCCN1C1CC2(CCN(c3ccc(C(=O)NS(=O)(=O)c4ccc(NC[C@@H]5COCCO5)c([N+](=O)[O-])c4)c(Oc4cnc5[nH]ccc5c4)c3)CC2)C1,2
d36bbc7f,mutant_190,CO[C@]1CC[C@@H](CNc2ccc(S(=O)(=O)NCc3ccc(N4CCC5(CC4)CC(N4CCC[C@H]4c4ccccc4C(C)C)C5)cc3Oc3cnc4[nH]ccc4c3)cc2[N+](=O)[O-])CC1,,,raw,,mutation,CO[C@]1(C)CC[C@@H](CNc2ccc(S(=O)(=O)NC(=O)c3ccc(N4CCC5(CC4)CC(N4CCC[C@H]4c4ccccc4C(C)C)C5)cc3Oc3cnc4[nH]ccc4c3)cc2[N+](=O)[O-])CC1,2
ad19ab43,mutant_191,CN1C(=O)Nc2ccc(S(=O)(=O)NC(=O)c3ccc(N4CCC5(CC4)CC(N4CCC[C@H]4c4cc6cc-6c4C4CC4)C5)cc3Oc3cnc4[nH]ccc4c3)c(c2[N+](=O)[O-])C1C1CCOCC1,,,raw,,mutation,CN(CC1CCOCC1)C(=O)Nc1ccc(S(=O)(=O)NC(=O)c2ccc(N3CCC4(CC3)CC(N3CCC[C@H]3c3ccccc3C3CC3)C4)cc2Oc2cnc3[nH]ccc3c2)cc1[N+](=O)[O-],2
1df2c06f,mutant_192,CC(C)c1ccccc1[C@@H]1CCCN1C1CC2(CCN(c3c#cc(C(=O)NS(=O)(=O)c4ccc(NC[C@H]5CC[C@@](C(F)(F)F)CC5)c([N+](=O)[O-])c4)c(Oc4cnc5[nH]ccc5c4)c3)CC2)C1,,,raw,,mutation,CC(C)c1ccccc1[C@@H]1CCCN1C1CC2(CCN(c3ccc(C(=O)NS(=O)(=O)c4ccc(NC[C@H]5CC[C@@](O)(C(F)(F)F)CC5)c([N+](=O)[O-])c4)c(Oc4cnc5[nH]ccc5c4)c3)CC2)C1,2
5c94a0c9,mutant_193,CCc1ccccc1[C@@H]1CCCN1C1CC23CCN(c4ccc(C(=O)NS(=O)(=O)c5ccc(NCC6CCOCC6N)c([N+](=O)[O-])c5)c(Oc5cnc6[nH]ccc6c5)c4)C(C2)C13,,,raw,,mutation,CCc1ccccc1[C@@H]1CCCN1C1CC2(CCN(c3ccc(C(=O)NS(=O)(=O)c4ccc(NCC5CCOCC5)c([N+](=O)[O-])c4)c(Oc4cnc5[nH]ccc5c4)c3)CC2)C1,2
fe1f5046,mutant_194,CCC1COCCC1CNc1ccc(S(=O)NC(=O)c2ccc(N3CCC4(CC3)CC(N3CCC[C@H]3c3ccccc3C3CC3)C4)cc2Oc2cnc(N)c(Cl)c2)cc1[N+](=O)[O-],,,raw,,mutation,Nc1ncc(Oc2cc(N3CCC4(CC3)CC(N3CCC[C@H]3c3ccccc3C3CC3)C4)ccc2C(=O)NS(=O)(=O)c2ccc(NCC3CCOCC3)c([N+](=O)[O-])c2)cc1Cl,2
a6c2297a,mutant_195,CO[C@]1(C)CC[C@@H](CNc2ccc(S(=O)NC(=O)c3c(Oc4cnc5[nH]ccc5c4)cc4cc3-c3cccc(C(C)C)c3[C@@H]3CCCN3C3CC5(CCN4CC5)C3)cc2[N+](=O)[O-])CC1,,,raw,,mutation,CO[C@]1(C)CC[C@@H](CNc2ccc(S(=O)(=O)NC(=O)c3ccc(N4CCC5(CC4)CC(N4CCC[C@H]4c4ccccc4C(C)C)C5)cc3Oc3cnc4[nH]ccc4c3)cc2[N+](=O)[O-])CC1,2
2a50efb0,mutant_196,CN1CC=C(c2ccccc2[C@H]2CCCN2c2ccc(-c3ccc(C(=O)NS(=O)c4cc([N+](=O)[O-])c5cc4C4C[C@](C)(O)CC[C@H]4CN5)c(Oc4cnc5[nH]ccc5c4)c3)cc2)CC1,,,raw,,mutation,CN1CC=C(c2ccccc2[C@H]2CCCN2c2ccc(-c3ccc(C(=O)NS(=O)(=O)c4ccc(NC[C@H]5CC[C@](C)(O)CC5)c([N+](=O)[O-])c4)c(Oc4cnc5[nH]ccc5c4)c3)cc2)CC1,2
326a10c9,mutant_197,CNCC(=O)N1CCC(c2ccccc2[C@H]2CCCN2C2=CC=S(c3ccc(C(=O)NS(=O)(=O)c4ccc(NC[C@H]5CC[C@](C)(O)CC5)c([N+][O-])c4)c(Oc4cnc5[nH]ccc5c4)c3)C=C2)CC1,,,raw,,mutation,CNCC(=O)N1CCC(c2ccccc2[C@H]2CCCN2c2ccc(-c3ccc(C(=O)NS(=O)(=O)c4ccc(NC[C@H]5CC[C@](C)(O)CC5)c([N+](=O)[O-])c4)c(Oc4cnc5[nH]ccc5c4)c3)cc2)CC1,2
78f46077,mutant_198,CN1CC=C(c2ccccc2[C@H]2CCCN2c2ccc(-c3ccc(C(=O)NS(=O)c4ccc(NC[C@H]5CC[C@](C)(O)CC5)c([N+](=O)[O-])c4)c(Oc4cnc5[nH]cc(F)c5c4)c3)cc2)CC1,,,raw,,mutation,CN1CC=C(c2ccccc2[C@H]2CCCN2c2ccc(-c3ccc(C(=O)NS(=O)(=O)c4ccc(NC[C@H]5CC[C@](C)(O)CC5)c([N+](=O)[O-])c4)c(Oc4cnc5[nH]ccc5c4)c3)cc2)CC1,2
befa09bc,mutant_199,CC(C)c1c(O)cccc1[C@H]1CCCN1C1CC2(CCN(c3ccc(C(=O)NS(=O)(=O)c4ccc(NC[C@H]5CC[C@@](O)(C(F)(F)F)CC5)c([N+][O-])c4)c(Oc4cnc5[nH]ccc5c4)c3)CC2)C1,,,raw,,mutation,CC(C)c1ccccc1[C@H]1CCCN1C1CC2(CCN(c3ccc(C(=O)NS(=O)(=O)c4ccc(NC[C@H]5CC[C@@](O)(C(F)(F)F)CC5)c([N+](=O)[O-])c4)c(Oc4cnc5[nH]ccc5c4)c3)CC2)C1,2
